,title,at_scale_year,eis_url,bup_url,bldg_id
0,The Proposed Consolidation of I.S. 218 Salome Urena (06M218) with Middle School 322 (06M322) in Building M218 Beginning in the 2018-2019 School Year,2018.0,http://schools.nyc.gov/NR/rdonlyres/FDA2ECC2-7E6B-4D29-9F23-4791CA5EA12C/219596/IS218andMS322consolidationEIS_vfinal.pdf,,M218
3,The Proposed Re-siting of a Portion of Teachers College Community School (05M517) to M484 Beginning in the 2018-2019 School Year,2019.0,http://schools.nyc.gov/NR/rdonlyres/FDA2ECC2-7E6B-4D29-9F23-4791CA5EA12C/219594/TCCSresitingvfinal.pdf,,M484
5,The Proposed Consolidation of Global Technology Preparatory (04M406) with P.S. 7 Samuel Stern (04M007) in Building M007 Beginning in the 2018-2019 School Year,2018.0,http://schools.nyc.gov/NR/rdonlyres/FDA2ECC2-7E6B-4D29-9F23-4791CA5EA12C/219581/PS7andGlobalTechnologyConsolidationEIS_vfinal.pdf,,M007
7,The Proposed Consolidation of The Alain L. Locke Magnet School for Environmental Stewardship (03M208) with P.S. 185 - The Early Childhood Discovery and Design Magnet School (03M185) in Tandem Building M185/M208 Beginning in the 2018-2019 School Year,2018.0,http://schools.nyc.gov/NR/rdonlyres/FDA2ECC2-7E6B-4D29-9F23-4791CA5EA12C/219536/03M208_03M185consolidation_vfinal.pdf,http://schools.nyc.gov/NR/rdonlyres/FDA2ECC2-7E6B-4D29-9F23-4791CA5EA12C/219563/M185M208BUPvfinal1.pdf,M185
8,The Proposed Consolidation of The Alain L. Locke Magnet School for Environmental Stewardship (03M208) with P.S. 185 - The Early Childhood Discovery and Design Magnet School (03M185) in Tandem Building M185/M208 Beginning in the 2018-2019 School Year,2018.0,http://schools.nyc.gov/NR/rdonlyres/FDA2ECC2-7E6B-4D29-9F23-4791CA5EA12C/219536/03M208_03M185consolidation_vfinal.pdf,http://schools.nyc.gov/NR/rdonlyres/FDA2ECC2-7E6B-4D29-9F23-4791CA5EA12C/219563/M185M208BUPvfinal1.pdf,M208
15,The Proposed Grade Truncation of P.S. 165 Robert E. Simon (03M165) from a K-8 School to a K-5 School Beginning in the 2018-2019 School Year,2018.0,http://schools.nyc.gov/NR/rdonlyres/FDA2ECC2-7E6B-4D29-9F23-4791CA5EA12C/219292/PS165TruncationEIS_vfinal.pdf,,M165
17,"The Proposed Opening and Co-location of Urban Assembly Charter School for Computer Science (84XTBD) with Pan American International High School (12X388), Metropolitan Soundview High School (12X521), and High School of World Cultures (12X550) in Building X420 Beginning in the 2018-2019 School Year",2021.0,http://schools.nyc.gov/NR/rdonlyres/FDA2ECC2-7E6B-4D29-9F23-4791CA5EA12C/219602/EIS_UAinX420_vfinal.pdf,http://schools.nyc.gov/NR/rdonlyres/FDA2ECC2-7E6B-4D29-9F23-4791CA5EA12C/219604/UAinX420BUP_vfinal.pdf,X420
22,The Proposed Re-siting and Consolidation of P.S. 361 East Flatbush Early Childhood School (22K361) and P.S. 269 Nostrand (22K269) in Building K269 Beginning in the 2018-2019 School Year,2018.0,http://schools.nyc.gov/NR/rdonlyres/FDA2ECC2-7E6B-4D29-9F23-4791CA5EA12C/219606/EISconsolidation361_269_vfinal.pdf,,K269
24,The Proposed Opening and Co-location of the Elementary School Grades of Achievement First Voyager Charter School (84K876) with P.S. 91 The Albany Avenue School (17K091) in Buildings K091 and K891 Beginning in the 2018-2019 School Year,2021.0,http://schools.nyc.gov/NR/rdonlyres/FDA2ECC2-7E6B-4D29-9F23-4791CA5EA12C/219591/AFESinK091EISvfinal.pdf,http://schools.nyc.gov/NR/rdonlyres/FDA2ECC2-7E6B-4D29-9F23-4791CA5EA12C/219592/AFESatK091BUP_vFinal.pdf,K091
26,"The Proposed Re-Siting and Co-location of Grades 6-8 of Ember Charter School for Mindful Education, Innovation and Transformation (84K406) with P.S. 262 (16K262) in Building K262 Beginning in the 2018-2019 School Year",2019.0,http://schools.nyc.gov/NR/rdonlyres/FDA2ECC2-7E6B-4D29-9F23-4791CA5EA12C/219599/EmberEIS_vfinal.pdf,http://schools.nyc.gov/NR/rdonlyres/FDA2ECC2-7E6B-4D29-9F23-4791CA5EA12C/219600/EmberBUP_vfinal.pdf,K262
28,The Proposed Opening and Co-Location of a New Middle School (16K898) with P.S. 335 Granville T. Woods (16K335) in Building K335 Beginning in the 2018-2019 School Year,2021.0,http://schools.nyc.gov/NR/rdonlyres/FDA2ECC2-7E6B-4D29-9F23-4791CA5EA12C/219608/NewDistrictMS_K335_EIS_vfinal.pdf,,K335
30,BUP Revision @ X093,2018.0,,http://schools.nyc.gov/NR/rdonlyres/11774F23-3BEF-49E2-BD93-FA030033A7DA/218730/X093BUPRevision_vfinal.pdf,X093
32,The Proposed Grade Truncation of P.S. 212 (12X212) in Building X198 from a K-8 School to a K-5 School beginning in the 2018-2019 School Year,2018.0,http://schools.nyc.gov/NR/rdonlyres/11774F23-3BEF-49E2-BD93-FA030033A7DA/218695/Truncationof12X212EIS_vfinal.pdf,,X198
34,The Proposed Grade Expansion of P.S. 207 (10X207) from a K-2 to a K-5 School beginning in the 2018-2019 School Year,2020.0,http://schools.nyc.gov/NR/rdonlyres/11774F23-3BEF-49E2-BD93-FA030033A7DA/218720/10X207GradeExpansionEISvfinal.pdf,,X819
35,The Proposed Partial Re-siting and Co-location of Icahn 7 (84X362) Grades 5-8 with P.S. 107 (08X107) in Building X107 beginning in the 2018-2019 School Year,2019.0,http://schools.nyc.gov/NR/rdonlyres/11774F23-3BEF-49E2-BD93-FA030033A7DA/218689/EIS_84X362_X107_vfinal.pdf,http://schools.nyc.gov/NR/rdonlyres/11774F23-3BEF-49E2-BD93-FA030033A7DA/218728/X107BUPvfinal.pdf,X107
38,"The Proposed Extension of the Temporary Co-location of a New Site of Existing District 75 School, P373R (75R373), with P.S. 6 The Corporal Allan F. Kivlehan School in Building R006 beginning in the 2017-2018 School Year",2020.0,http://schools.nyc.gov/NR/rdonlyres/11774F23-3BEF-49E2-BD93-FA030033A7DA/218702/D75atR006_EIS_vfinal.pdf,,R006
40,The Proposed Grade Truncation of Life Sciences Secondary School (02M655) from a 6-12 School to a 9-12 School Beginning in the 2018-2019 School Year,2018.0,http://schools.nyc.gov/NR/rdonlyres/E7002D0C-320B-4E43-82A6-FACB2E85C79B/218228/02M655TruncationEIS_vFinal.pdf,,M645
41,"The Proposed Consolidation of Technology, Arts, and Sciences Studio (01M301) with School for Global Leaders (01M378) in Building M025 Beginning in the 2018-2019 School Year",2018.0,http://schools.nyc.gov/NR/rdonlyres/E7002D0C-320B-4E43-82A6-FACB2E85C79B/218223/TASSandGlobalLeadersConsolidationEIS_vfinal.pdf,,M025
45,The Proposed Extension of the Re-siting of District 75 School P723X@Astor (75X723) to New Building X909 for the 2017-2018 School Year and Beyond,2018.0,http://schools.nyc.gov/NR/rdonlyres/E7002D0C-320B-4E43-82A6-FACB2E85C79B/218221/ResitingofP723XfromXAIB_vFinal.pdf,,X909
46,BUP Revision @ K202,2018.0, -,http://schools.nyc.gov/NR/rdonlyres/E7002D0C-320B-4E43-82A6-FACB2E85C79B/218229/K202BUPRevision_vfinal.pdf,K202
48,The Proposed Re-siting and Co-location of the Middle School Grades of Achievement First Aspire Charter School (84K680) and the Proposed Opening and Temporary Co-location of Grade Five of Achievement First Linden Charter School (84K788) with P.S. 306 Ethan Allen (19K306) in Building K306 Beginning in the 2018-2019 School Year,2020.0,http://schools.nyc.gov/NR/rdonlyres/E7002D0C-320B-4E43-82A6-FACB2E85C79B/218226/EIS_AFinK306_vfinal.pdf,http://schools.nyc.gov/NR/rdonlyres/E7002D0C-320B-4E43-82A6-FACB2E85C79B/218230/AFatK306BUP_vfinal.pdf,K306
51,The Proposed Temporary Re-Siting of East New York Family Academy (19K409) and Co-location with W. H. Maxwell Career and Technical Education High School (19K660) in Building K660 Beginning in the 2018-2019 School Year,2021.0,http://schools.nyc.gov/NR/rdonlyres/6F9240E9-1A86-43DF-9F55-76F3D70FF18F/213137/ENYFamilyAcademy_ResitingtoK660_vfinal.pdf,,K660
54,BUP Revision @ X193,2019.0, -,http://schools.nyc.gov/NR/rdonlyres/7CA57CEE-995D-4C49-8103-573F4696E874/212654/BUPRevisionCAS_vfinal.pdf,X193
57,The Proposed Opening and Temporary Co-Location of Washington Heights and Inwood Music Community Charter School (84MTBD) in Building M164 Beginning in the 2017- 2018 School Year,2019.0,http://schools.nyc.gov/NR/rdonlyres/7CA57CEE-995D-4C49-8103-573F4696E874/213736/AmendedRevisedCastleBridgeReSitingtoM164EISvfinal1.pdf,http://schools.nyc.gov/NR/rdonlyres/7CA57CEE-995D-4C49-8103-573F4696E874/213734/AmendedBUP_M164BUP_vfinal.pdf,M164
59,The Temporary Co-location of the New York City Charter School of the Arts (84M263) with P.S. 111 Adolph S. Ochs (02M111) in Building M111 for One Year in the 2017-2018 School Year,2017.0,http://schools.nyc.gov/NR/rdonlyres/7CA57CEE-995D-4C49-8103-573F4696E874/209510/NYCCharterSchooloftheArtsColocationinM111_vFinal.pdf,http://schools.nyc.gov/NR/rdonlyres/7CA57CEE-995D-4C49-8103-573F4696E874/209511/BUP_NYCCharterSchooloftheArtsColocationwith02M111_.pdf,M111
61,The Proposed Temporary Re-Siting of a Portion of P.S. R037 (75R037) and Co-location with I.S. R002 George L. Egbert (31R002) in Building R002 Beginning in the 2017-2018 School Year,2019.0,http://schools.nyc.gov/NR/rdonlyres/7438D292-8D01-43D3-9BC4-831C91948709/209175/EIS_D75atR002_vfinal.pdf,,R002
63,The Proposed Re-siting of P.S. Q255 (75Q255) to Building Q397 Beginning in the 2017-2018 School Year,2017.0,http://schools.nyc.gov/NR/rdonlyres/7438D292-8D01-43D3-9BC4-831C91948709/209456/EIS_ResitingD75MPBAmendedvFinal.pdf,,Q397
64,"The Proposed Opening and Co-Location of a New Site of Existing District 75 School, P469X (75X469), with I.S. 313 School of Leadership Development (09X313) and I.S. 339 (09X339) in Building X147 Beginning in the 2017-2018 School Year",2017.0,http://schools.nyc.gov/NR/rdonlyres/7438D292-8D01-43D3-9BC4-831C91948709/209355/EIS_D75atX147_vfinal.pdf,,X147
67,The Proposed Grade Truncation of P.S. 165 Ida Posner (23K165) in Building K165 from a K-8 School to a K-5 School Beginning in the 2017-18 School Year,2017.0,http://schools.nyc.gov/NR/rdonlyres/4D25FD09-A519-4066-B359-6D0934CBAD67/207665/23K165_Grade_Truncation_EIS_vFINAL.pdf,,K165
68,BUP Revision @X107,2017.0,,http://schools.nyc.gov/NR/rdonlyres/4D25FD09-A519-4066-B359-6D0934CBAD67/209631/X107BUPRevisionvfinal.pdf,X107
70,The Proposed Closure of Essence School (19K311) in Building K190 at the End of the 2016-2017 School Year,2017.0,http://schools.nyc.gov/NR/rdonlyres/4D25FD09-A519-4066-B359-6D0934CBAD67/207667/EssenceClosureinK190_EIS_vfinal.pdf,,K190
72,The Proposed Grade Truncation of P.S. 306 Ethan Allen (19K306) in Building K306 from a K-8 School to a K-5 School Beginning in the 2017-2018 School Year,2017.0,http://schools.nyc.gov/NR/rdonlyres/4D25FD09-A519-4066-B359-6D0934CBAD67/207719/19K306_Grade_Truncation_EIS_vfinal.pdf,,K306
73,The Proposed Opening and Co-Location of Brooklyn Emerging Leaders Academy Charter School (84KTBD) with J.H.S. 57 Whitelaw Reid (16K057) and the consolidated Brooklyn Academy of Global Finance (16K688) in Building K057 Beginning in the 2017-2018 School Year,2020.0,http://schools.nyc.gov/NR/rdonlyres/4D25FD09-A519-4066-B359-6D0934CBAD67/207871/AMENDEDEIS_BELA_K057_vfinal.pdf,http://schools.nyc.gov/NR/rdonlyres/4D25FD09-A519-4066-B359-6D0934CBAD67/207872/AMENDEDBUP_BELA_vfinal1.pdf,K057
77,The Proposed Consolidation of Frederick Douglass Academy IV Secondary School (16K393) with The Brooklyn Academy of Global Finance (16K688) in Building K057 Beginning in the 2017-2018 School Year,2020.0,http://schools.nyc.gov/NR/rdonlyres/4D25FD09-A519-4066-B359-6D0934CBAD67/207868/FDAIVandBAGFConsolidation_AMENDEDEIS__vfinal.pdf,http://schools.nyc.gov/NR/rdonlyres/4D25FD09-A519-4066-B359-6D0934CBAD67/207869/AMENDEDBUP_BELA_vfinal.pdf,K057
81,The Proposed Grade Truncation of P.S. 262 El Hajj Malik El Shabazz School (16K262) from a K-8 School to a K-5 School in the 2017-2018 School Year,2017.0,http://schools.nyc.gov/NR/rdonlyres/4D25FD09-A519-4066-B359-6D0934CBAD67/207662/PS262TruncationEISvFinal.pdf,,K262
82,The Proposed Closure of M.S. 584 (16K584) in Building K335 at the end of the 2016-2017 School Year,2017.0,http://schools.nyc.gov/NR/rdonlyres/4D25FD09-A519-4066-B359-6D0934CBAD67/207659/MS584EIS_vFINAL.pdf,,K335
84,The Proposed Consolidation of Francis Perkins Academy (14K632) with Automotive High School (14K610) in Building K610 Beginning in the 2017-2018 School Year,2017.0,http://schools.nyc.gov/NR/rdonlyres/4D25FD09-A519-4066-B359-6D0934CBAD67/207717/AutomotiveConsolidationEIS_Vfinal.pdf,,K610
86,"The Proposed Opening and Co-Location of New Visions Charter High School for the Humanities IV (84QTBD) with Channel View School for Research (27Q262), Rockaway Park High School for Environmental Sustainability (27Q324), Rockaway Collegiate High School (27Q351), P.S. Q256 (75Q256), and Alternate Learning Center - Beach Channel Educational Complex (88Q996) in Building Q410 Beginning in the 2017-2018 School Year",2020.0,http://schools.nyc.gov/NR/rdonlyres/4D25FD09-A519-4066-B359-6D0934CBAD67/207669/EIS_NewVisionsCharterHSHUMIVColocationinQ410_vfina.pdf,http://schools.nyc.gov/NR/rdonlyres/4D25FD09-A519-4066-B359-6D0934CBAD67/207671/BUP_Q410_vFinal.pdf,Q410
93,The Proposed Closure of Monroe Academy for Visual Arts & Design (12X692) in Building X420 at the End of the 2016-2017 School Year,2017.0,http://schools.nyc.gov/NR/rdonlyres/4D25FD09-A519-4066-B359-6D0934CBAD67/207735/12X692ClosureEIS_vfinal.pdf,,X420
98,The Proposed Consolidation of the Young Scholars Academy of the Bronx (11X289) with the North Bronx School of Empowerment (11X287) in Building X113 Beginning in the 2017- 2018 School Year,2017.0,http://schools.nyc.gov/NR/rdonlyres/4D25FD09-A519-4066-B359-6D0934CBAD67/207673/11X28911X287ConsolidationEISvfinal.pdf,,X113
101,The Proposed Closure of Leadership Institute (09X276) in Building X004 at the End of the 2016-2017 School Year,2017.0,http://schools.nyc.gov/NR/rdonlyres/4D25FD09-A519-4066-B359-6D0934CBAD67/207745/ClosureofLeadershipInstitute09X276EIS_vfinal.pdf,http://schools.nyc.gov/NR/rdonlyres/4D25FD09-A519-4066-B359-6D0934CBAD67/207742/BUP_ClosureofLeadershipInstituteatX004_vfinal.pdf,X004
104,The Proposed Closure of J.H.S. 145 Arturo Toscanini (09X145) in Building X145 at the End of the 2016-2017 School Year,2017.0,http://schools.nyc.gov/NR/rdonlyres/4D25FD09-A519-4066-B359-6D0934CBAD67/207737/ClosureofJHS14509X145EIS_vfinal.pdf,http://schools.nyc.gov/NR/rdonlyres/4D25FD09-A519-4066-B359-6D0934CBAD67/207741/BUP_ClosureofJHS145atX145_vfinal.pdf,X145
109,The Proposed Consolidation of Pablo Neruda Academy (08X305) with Bronx Guild (08X452)in Building X450 Beginning in the 2017-2018 School Year,2017.0,http://schools.nyc.gov/NR/rdonlyres/4D25FD09-A519-4066-B359-6D0934CBAD67/207730/08X30508X452ConsolidationEISvfinal.pdf,,X450
118,The Proposod Closure of J.H.S. 162 Lola Rodriguez De Tio (07X162) in Building X162,2017.0,http://schools.nyc.gov/NR/rdonlyres/6BEFF474-86B0-4E17-A9D7-B82ADB4F8A12/207008/X162ClosureEIS_vfinal.pdf,http://schools.nyc.gov/NR/rdonlyres/6BEFF474-86B0-4E17-A9D7-B82ADB4F8A12/207009/BUP_ClosureofJHS162atX162_vfinal.pdf,X162
123,"The Proposed Opening and Co-Location of a New Middle School (07X584) with Hostos-Lincoln Academy of Science (07X500), University Prep Charter High School (84X393) and District 75 Program P10X@X162 (75X010)",2017.0,http://schools.nyc.gov/NR/rdonlyres/6BEFF474-86B0-4E17-A9D7-B82ADB4F8A12/207011/NewDistrictMS07XTBDEIS_vfinal.pdf,http://schools.nyc.gov/NR/rdonlyres/6BEFF474-86B0-4E17-A9D7-B82ADB4F8A12/207014/BUP_ClosureofJHS162atX162_vfinal1.pdf,X162
128,"The Proposed Opening and Co-location of the New York Center for Autism Charter School Bronx (84XTBD) with School of Performing Arts (12X217), Entrada Academy (12X384), and South Bronx Classical Charter School (84X346) in Building X116",2018.0,http://schools.nyc.gov/NR/rdonlyres/6BEFF474-86B0-4E17-A9D7-B82ADB4F8A12/206795/EIS_NYCAOpeninginX116_vfinal.pdf,http://schools.nyc.gov/NR/rdonlyres/6BEFF474-86B0-4E17-A9D7-B82ADB4F8A12/206796/BUP_NYCAatX116_vfinal.pdf,X116
132,"The Proposed Opening and Co-location of Uncommon Leadership Charter High School with Multicultural High School (19K583), Academy for Innovative Technology (19K618), Brooklyn Lab School (19K639), Cypress Hills Collegiate Preparatory School (19K659) and The Urban Assembly School for Collaborative Healthcare (19K764)",2020.0,http://schools.nyc.gov/NR/rdonlyres/6BEFF474-86B0-4E17-A9D7-B82ADB4F8A12/207027/EIS_UncommonHSatLane_vfinal.pdf,http://schools.nyc.gov/NR/rdonlyres/6BEFF474-86B0-4E17-A9D7-B82ADB4F8A12/207028/UAstay_NewUncommonBUP_K420_vfinal1.pdf,K420
138,BUP Revision @ M050,2017.0, -,http://schools.nyc.gov/NR/rdonlyres/6BEFF474-86B0-4E17-A9D7-B82ADB4F8A12/208386/M050_BUPRevision_vFinal.pdf,M050
141,BUP Revision @K111,2017.0, -,http://schools.nyc.gov/NR/rdonlyres/6BEFF474-86B0-4E17-A9D7-B82ADB4F8A12/208445/K111_BUPRevision_vfinal.pdf,K111
144,Revised Building Utilization Plan: Success Academy Charter School – Crown Heights (84K741) with Existing School P.S. 161 The Crown (17K161) in Building K161 Beginning in 2014-2015,2017.0, -,http://schools.nyc.gov/NR/rdonlyres/3B8792DE-D004-46EC-923A-439368843469/205574/K161_BUPRevision_vfinal.pdf,K161
146,"Revised Building Utilization Plan: Co-Location of Success Academy Charter School – Manhattan 1 (84MTBD) with Existing Schools Gramercy Arts High School (02M374), High School for Language and Diplomacy (02M399), International High School at Union Square (02M438), Academy for Software Engineering (02M546), Union Square Academy for Health Sciences (02M533), and Washington Irving High School (02M460) in Building M460",2017.0, -,http://schools.nyc.gov/NR/rdonlyres/3B8792DE-D004-46EC-923A-439368843469/206583/M460_BUPRevision_vFinal.pdf,M460
152,"Revised Building Utilization Plan: Re-Siting and Co-Location of Stephen T. Mather Building Arts & Craftsmanship High School (02M139) in Building M625 with Existing Schools High School of Graphic Communication Arts (02M625), Business of Sports School (02M393), Urban Assembly Gateway School for Technology (02M507) and Success Academy Charter School – Hell’s Kitchen (84M170), and New School Success Academy Charter School – Manhattan Middle School (84MTBD) Beginning in the 2014-2015 School Year",2017.0, -,http://schools.nyc.gov/NR/rdonlyres/3B8792DE-D004-46EC-923A-439368843469/206582/M625_BUPRevision_vFinal.pdf,M625
157,"Revised Building Utilization Plan: Expansion of Success Academy Charter School - Cobble Hill (84K129) in Building K293 with Brooklyn School for Global Studies (15K429), School for International Studies (15K497), and a District 75 Program (75K368) Beginning in the 2016-2017 School Year",2017.0, -,http://schools.nyc.gov/NR/rdonlyres/3B8792DE-D004-46EC-923A-439368843469/205578/K293_BUPRevision_vfinal.pdf,K293
161,"Revised Building Utilization Plan: Expansion of Success Academy Charter School - Williamsburg (84K182) in Building K050 with J.H.S. 50 John D. Wells (14K050), Beginning in the 2016-2017 School Year",2017.0, -,http://schools.nyc.gov/NR/rdonlyres/3B8792DE-D004-46EC-923A-439368843469/205577/K050_BUPRevision_vfinal.pdf,K050
163,"Revised Building Utilization Plan: New Public Charter School, Success Academy Charter School – Brooklyn 6 (84KTBD) with Existing School P.S. 138 - Brooklyn (17K138) in Building K138",2017.0, -,http://schools.nyc.gov/NR/rdonlyres/3B8792DE-D004-46EC-923A-439368843469/205576/K138_BUPRevision_vfinal.pdf,K138
165,Revised Building Utilization Plan: New Public Charter School Success Academy Charter School – Brooklyn 5 (84KTBD) with Existing Schools Dr. Susan S. McKinney Secondary School of the Arts (13K265) and a District 75 Inclusion Program P369K@265K (75K369) in Building K265,2017.0, -,http://schools.nyc.gov/NR/rdonlyres/3B8792DE-D004-46EC-923A-439368843469/205575/K265_BUPRevision_vfinal.pdf,K265
168,The Proposed Temporary Re-siting and Co-location of a Portion of P.S. 131 Abigail Adams (29Q131) with P.S. 35 Nathaniel Woodhull (29Q035) in Building Q035 for Four Years Beginning in the 2017-2018 School Year,2021.0,http://schools.nyc.gov/NR/rdonlyres/3B8792DE-D004-46EC-923A-439368843469/205622/EISTempResitingofPS131Q035_vFinal.pdf,,Q035
171,The Proposed Grade Expansion of P.S. 130 (25Q130) from a K-3 to a K-5 School Beginning in the 2017-2018 School Year,2022.0,http://schools.nyc.gov/NR/rdonlyres/3B8792DE-D004-46EC-923A-439368843469/205579/EISExpansionofPS130_vFinal.pdf,,Q130
173,The Proposed Consolidation of P.S. 325 (06M325) with P.S. 192 Jacob H. Schiff (06M192) in Building M192 Beginning in the 2017- 2018 School Year,2017.0,http://schools.nyc.gov/NR/rdonlyres/3B8792DE-D004-46EC-923A-439368843469/205548/ProposedConsolidationofM325andM192EISvfinal.pdf,,M192
176,The Proposed Re-Siting of Dual Language Middle School (03M247) and Co-Location with The Computer School (03M245) and The Anderson School (03M334) in Building M044 Beginning in the 2017- 2018 School Year,2017.0,http://schools.nyc.gov/NR/rdonlyres/3B8792DE-D004-46EC-923A-439368843469/205678/ReSitingof03M247toM044_vFinal2.pdf,,M044
180,The Proposed Re-Siting of P.S. 452 (03M452) to Building M191 in the 2017-2018 School Year,2022.0,http://schools.nyc.gov/NR/rdonlyres/3B8792DE-D004-46EC-923A-439368843469/205662/03M452ResitingtoM191EISvFinal.pdf,,M191
182,"The Proposed Temporary Co-location of New School M.S. 297 with Existing School M.S. 260 Clinton School for Writers & Artists in Building M868 for the 2017-2018 School Year, and the Proposed Re-siting and Co-location of M.S. 297 with a District 75 School in New Building M323 Beginning in the 2018-2019 School Year",2018.0,http://schools.nyc.gov/NR/rdonlyres/3B8792DE-D004-46EC-923A-439368843469/205545/02M297TemporaryColocationandResitingvfinal.pdf,,M868
184,The Proposed Consolidation of The School for Democracy and Leadership (17K533) with The School for Human Rights (17K531) and Truncation of Grades 6-8 at the Consolidated School for Human Rights in Building K470 Beginning in the 2017-2018 School Year,2019.0,http://schools.nyc.gov/NR/rdonlyres/3B8792DE-D004-46EC-923A-439368843469/205632/K531K533ConsolidationGradualTruncation_EIS_vfinal.pdf,,K470
189,The Proposed Opening and Co-Location of Success Academy Charter School – Brooklyn Middle School 2 with M.S. 246 Walt Whitman (17K246) and Alternative Learning Center – M.S. 246 (88K993) in Building K246 Beginning in the 2017-2018 School Year,2020.0,http://schools.nyc.gov/NR/rdonlyres/3B8792DE-D004-46EC-923A-439368843469/205572/EIS_SAMiddleSchoolBrooklyn2_K246_vfinal.pdf,http://schools.nyc.gov/NR/rdonlyres/3B8792DE-D004-46EC-923A-439368843469/205573/BUP_SAMiddleSchoolBrooklyn2_K246_vfinal.pdf,K246
192,The Proposed Opening and Co-Location of Success Academy Charter School – Brooklyn Middle School 1 with P.S. 297 Abraham Stockton (14K297) in Building K297 Beginning in the 2017-2018 School Year,2020.0,http://schools.nyc.gov/NR/rdonlyres/3B8792DE-D004-46EC-923A-439368843469/205569/EIS_SAMiddleSchoolBrooklyn1_K297_vfinal.pdf,http://schools.nyc.gov/NR/rdonlyres/3B8792DE-D004-46EC-923A-439368843469/205570/BUP_SAMiddleSchoolBrooklyn1_K297_vfinal.pdf,K297
194,The Proposed Grade Truncation of P.S. 282 Park Slope (13K282) in Building K282 from a K-8 School to a K-5 School Beginning in the 2018-2019 School Year,2020.0,http://schools.nyc.gov/NR/rdonlyres/AF4EDFE0-3732-44BD-8E59-76E7105C47E8/205556/13K282_Grade_Truncation_EIS_vrevised_Final.pdf,,K282
195,The Proposed Grade Truncation of P.S. 45 Clarence Witherspoon (27Q045) from a K-6 School to a K-5 School in the 2017-2018 School Year,2017.0,http://schools.nyc.gov/NR/rdonlyres/AF4EDFE0-3732-44BD-8E59-76E7105C47E8/204167/27Q045_Grade_Truncation_EIS_vfinal.pdf,,Q045
196,The Proposed Temporary Partial Re-siting and Co-location of P.S. 19 Marino Jeantet (24Q019) with P.S. 211 Elm Tree Elementary (24Q211) in Building Q298 Beginning in the 2017-2018 School Year,2018.0,http://schools.nyc.gov/NR/rdonlyres/AF4EDFE0-3732-44BD-8E59-76E7105C47E8/204165/EISResitingofPS19Q298_vFinal.pdf,,Q298
202,The Proposed Temporary Partial Re-siting of P.S. 143 Louis Armstrong (24Q143) to Building Q269 Beginning in the 2017- 2018 School Year,2020.0,http://schools.nyc.gov/NR/rdonlyres/AF4EDFE0-3732-44BD-8E59-76E7105C47E8/204163/EISResitingofPS143Q269_vFinal.pdf,,Q269
206,The Proposed Temporary Partial Re-siting of P.S. 143 Louis Armstrong (24Q143) to Building Q269 Beginning in the 2017- 2018 School Year,2019.0,http://schools.nyc.gov/NR/rdonlyres/AF4EDFE0-3732-44BD-8E59-76E7105C47E8/204163/EISResitingofPS143Q269_vFinal.pdf,,Q269
209,The Proposed Grade Truncation of Teachers Preparatory High School (23K697) from a Secondary School to a High School Beginning in the 2017-2018 School Year,2019.0,http://schools.nyc.gov/NR/rdonlyres/AF4EDFE0-3732-44BD-8E59-76E7105C47E8/204163/EISResitingofPS143Q269_vFinal.pdf,,K175
210,The Proposed Grade Truncation of Teachers Preparatory High School (23K697) from a Secondary School to a High School Beginning in the 2017-2018 School Year,2019.0,http://schools.nyc.gov/NR/rdonlyres/AF4EDFE0-3732-44BD-8E59-76E7105C47E8/204255/23K697_Grade_Truncation_EIS_vfinal.pdf,,K175
211,The Proposed Re-Siting and Co-Location of I.S. 381 (22K381) with J.H.S. 240 Andries Hudde (22K240) in Building K240 Beginning in the 2017-2018 School Year,2017.0,http://schools.nyc.gov/NR/rdonlyres/AF4EDFE0-3732-44BD-8E59-76E7105C47E8/204169/Resitingof22K381toK240EIS_vfinal.pdf,,K240
213,The Proposed Re-siting and Co-location of the Elementary School Grades of Uncommon Kings Collegiate Charter School (84K608) to Building K232 with East Flatbush Community Research School (18K581) and Middle School of Marketing and Legal Studies (18K598) Beginning in the 2017- 2018 School Year,2020.0,http://schools.nyc.gov/NR/rdonlyres/AF4EDFE0-3732-44BD-8E59-76E7105C47E8/204201/EIS_UncommonKingsCollegiatetoK232_vfinal.pdf,http://schools.nyc.gov/NR/rdonlyres/AF4EDFE0-3732-44BD-8E59-76E7105C47E8/204202/BUP_UncommonKingsCollegiateatK232_vfinal.pdf,K232
217,The Proposed Consolidation of Arts and Media Preparatory Academy (18K589) with Victory Collegiate High School (18K576) in Building K515 Beginning in the 2017-2018 School Year,2020.0,http://schools.nyc.gov/NR/rdonlyres/AF4EDFE0-3732-44BD-8E59-76E7105C47E8/204184/18K576_Consolidation_w_18K589_vfinal.pdf,http://schools.nyc.gov/NR/rdonlyres/AF4EDFE0-3732-44BD-8E59-76E7105C47E8/204186/BUP_South_Shore_Consolidation_K515_vfinal.pdf,K515
225,The Proposed Re-siting and Co-location of Achievement First Voyager Middle School (84K876) to Building K092 with P.S. 92 Adrian Hegeman (17K092) Beginning in the 2017-2018 School Year,2019.0,http://schools.nyc.gov/NR/rdonlyres/AF4EDFE0-3732-44BD-8E59-76E7105C47E8/206151/Amended_EIS_ResitingAFVoyager_Vfinal.pdf,http://schools.nyc.gov/NR/rdonlyres/AF4EDFE0-3732-44BD-8E59-76E7105C47E8/204172/BUP_AFVoyager_vfinal.pdf,K092
227,The Proposed Re-siting of M.S. 442 Carroll Gardens School for Innovation (15K442) to Building K280 in the 2017-2018 School Year,2017.0,http://schools.nyc.gov/NR/rdonlyres/AF4EDFE0-3732-44BD-8E59-76E7105C47E8/204155/MS442_ReSiting_EIS_vfinal.pdf,,K280
228,The Proposed Re-Siting of P.S. 315 The Lab School (10X315) from Building X859 to New Building X779 Beginning in the 2017-2018 School Year,2017.0,http://schools.nyc.gov/NR/rdonlyres/AF4EDFE0-3732-44BD-8E59-76E7105C47E8/204153/EIS_Resitingof10x315_vfinal.pdf,,X779
229,The Proposed Re-Siting of P.S. 191 (03M191) to New Building M342 in the 2017-2018 School Year,2022.0,http://schools.nyc.gov/NR/rdonlyres/42C9C7E4-33F2-42B5-BC66-D9C6CCD6930F/204346/03M191ResitingtoM342EISvfinal3.pdf,,M342
230,The Proposed Consolidation of the Academy of the Arts (08X335) with The Museum School (08X333) in Building X060 Beginning in the 2017-2018 School Year,2017.0,http://schools.nyc.gov/NR/rdonlyres/42C9C7E4-33F2-42B5-BC66-D9C6CCD6930F/202627/08X33308X335consolidationEISvfinal.pdf,,X060
233,The Proposed Re-Siting of District 75 Program P10X@X152 (75X010) and Co-location with P.S. 333 The Museum School (08X333) in Building X060 Beginning in the 2017-2018 School Year,2017.0,http://schools.nyc.gov/NR/rdonlyres/42C9C7E4-33F2-42B5-BC66-D9C6CCD6930F/202618/EIS_75X010ReSitingandColocationvfinal.pdf,,X060
236,The Proposed Re-siting and Co-location of the New The American Academy Charter School (84K736) in Building K233 with P.S. 233 Langston Hughes (18K233) Beginning in the 2016-2017 School Year,2017.0,http://schools.nyc.gov/NR/rdonlyres/78EE4251-9A54-4096-8782-5B898FD2140C/197206/EIS_ResitingNewAmericantoK233_vFinal.pdf,http://schools.nyc.gov/NR/rdonlyres/78EE4251-9A54-4096-8782-5B898FD2140C/197207/BUP_NewAmericanatK233_vfinal.pdf,K233
238,"The Proposed Opening and Temporary Co-location of Brooklyn Prospect Charter School - Clinton Hill (84KTBD) with Brooklyn Community High School of Communication, Arts, and Media (13K412), Brooklyn High School for Leardership and Community Service (13K616), and P.S. K369 Coy L. Cox (75K369) in Building K117 Beginning in 2016-2017",2017.0,http://schools.nyc.gov/NR/rdonlyres/EEBE7C2C-ACC7-458A-B3DB-1094D109D2F8/194008/K117_BKProspect_EIS_vfinal.pdf,http://schools.nyc.gov/NR/rdonlyres/EEBE7C2C-ACC7-458A-B3DB-1094D109D2F8/194009/K117_BKProspect_BUP_vfinal.pdf,K117
243,The Proposed Grade Truncation of P.S. 327 Dr. Rose B. English (23K327) from a K-8 School to a K-5 School Beginning in the 2016-2017 School Year,2018.0,http://schools.nyc.gov/NR/rdonlyres/EEBE7C2C-ACC7-458A-B3DB-1094D109D2F8/193733/23K327_Grade_Truncation_EIS_vfinal.pdf,,K327
245,The Proposed Consolidation of Upper School @ P.S. (16K534) with P.S. 308 Clara Cardwell (16K308) in Building K308 Beginning in the 2016-2017 School Year,2017.0,http://schools.nyc.gov/NR/rdonlyres/EEBE7C2C-ACC7-458A-B3DB-1094D109D2F8/195834/AmendEIS_K308Cons_vfinal.pdf,http://schools.nyc.gov/NR/rdonlyres/EEBE7C2C-ACC7-458A-B3DB-1094D109D2F8/195835/AmendBUP_K308Consolidation_vfinal.pdf,K308
247,"The Proposed Opening and Co-location of a New Site of an Existing District 75 School P.S. K753 (75K753) with High School of Innovation in Advertising and Media (18K617), High School for Medical Professions (18K633), Urban Action Academy (18K642), and School for Cooperative Technical Education (79M645) in Building K500 Beginning in 2016-2017",2017.0,http://schools.nyc.gov/NR/rdonlyres/EEBE7C2C-ACC7-458A-B3DB-1094D109D2F8/194011/K500_NewD75_EIS__vfinal.pdf,,K500
249,The Proposed Temporary Co-location of the Ninth and Tenth Grades of Unity Preparatory Charter School of Brooklyn (84K757) with Brownsville Academy High School (17K568) in Building K907 Beginning in 2016-2017,2017.0,http://schools.nyc.gov/NR/rdonlyres/EEBE7C2C-ACC7-458A-B3DB-1094D109D2F8/194042/K907_UnityPrepTempColo_EIS_vfinal.pdf,http://schools.nyc.gov/NR/rdonlyres/EEBE7C2C-ACC7-458A-B3DB-1094D109D2F8/194043/K907_UnityPrepTempColo_BUP_vfinal.pdf,K907
250,"The Proposed Opening and Co-location of the Middle School Grades of Success Academy Charter School- Bed-Stuy 1 (84K367) and Success Academy Charter School - Bed-Stuy 2 (84K125), Collectively Known As Success Academy - Bed- Stuy Middle School, with the Elementary Grades of Success Academy Charter School Bed-Stuy 1 and District 75 Program (75K368) in Building K033 Beginning in the 2016-2017 School Year",2019.0,http://schools.nyc.gov/NR/rdonlyres/EEBE7C2C-ACC7-458A-B3DB-1094D109D2F8/194039/K033_SAExpansionEIS_vfinal.pdf,http://schools.nyc.gov/NR/rdonlyres/EEBE7C2C-ACC7-458A-B3DB-1094D109D2F8/194040/K033_SAExpansion_BUP_vfinal.pdf,K033
257,The Proposed Grade Truncation of Brooklyn School for Global Studies (15K429) in Building K293 from a 6-12 School to a 9-12 School Beginning in the 2016-2017 School Year,2018.0,http://schools.nyc.gov/NR/rdonlyres/F341F6C0-0F84-4438-8ABA-A86CE790699D/192664/EIS_K293_Truncation_vfinal.pdf,http://schools.nyc.gov/NR/rdonlyres/F341F6C0-0F84-4438-8ABA-A86CE790699D/192666/BUP_K293_Truncation_vfinal.pdf,K293
261,The Proposed Re-Siting and Co-location of the Middle School Grades of Achievement First Apollo Charter School (84K774) to Building K292 with J.H.S 292 Margaret S. Douglass (19K292) Beginning in the 2016-2017 School Year.,2018.0,http://schools.nyc.gov/NR/rdonlyres/4B089A83-DEEA-41C3-A5FB-CD229BCF5682/192680/2Amend_EIS_ResitingAFApolloMS_K292_vfinal.pdf,http://schools.nyc.gov/NR/rdonlyres/4B089A83-DEEA-41C3-A5FB-CD229BCF5682/191542/BUP_AFApolloESatK302_vfinal.pdf,K302
264,The Proposed Re-Siting and Co-location of the Middle School Grades of Achievement First Apollo Charter School (84K774) to Building K292 with J.H.S 292 Margaret S. Douglass (19K292) Beginning in the 2016-2017 School Year.,2019.0,http://schools.nyc.gov/NR/rdonlyres/4B089A83-DEEA-41C3-A5FB-CD229BCF5682/192680/2Amend_EIS_ResitingAFApolloMS_K292_vfinal.pdf,http://schools.nyc.gov/NR/rdonlyres/4B089A83-DEEA-41C3-A5FB-CD229BCF5682/192681/2Amend_BUP_AFHS_ApolloMS_K292_vfinal.pdf,K292
267,The Proposed Opening and Co-location of the High School Grades of Achievement First Brownsville (84K626) and the High School Grades of Achievement First Apollo (84K774) with Existing School J.H.S. 292 (19K292) in Building K292 Beginning in the 2016-2017 School Year,2019.0,http://schools.nyc.gov/NR/rdonlyres/4B089A83-DEEA-41C3-A5FB-CD229BCF5682/192659/2Amend_EIS_AFHSatK292_vfinal.pdf,http://schools.nyc.gov/NR/rdonlyres/4B089A83-DEEA-41C3-A5FB-CD229BCF5682/192660/2Amend_BUP_AFHS_ApolloK292_vfinal.pdf,K292
270,The Proposed Temporary Re-Siting and Co-location of a Portion of P.S. Marino Jeantet (24Q110) and P.S. Q277 (75Q277) in Building Q315 for Three Years Beginning in the 2016-2017 School Year,2019.0,http://schools.nyc.gov/NR/rdonlyres/D9619074-60BF-4445-9534-C2E62C24B858/190422/RevEIS24Q019_TempResitingQ315vFinal.pdf,,Q315
273,The Proposed Temporary Re-Siting and Co-location of a Portion of P.S. Marino Jeantet (24Q110) and P.S. Q277 (75Q277) in Building Q315 for Three Years Beginning in the 2016-2017 School Year,2018.0,http://schools.nyc.gov/NR/rdonlyres/D9619074-60BF-4445-9534-C2E62C24B858/190422/RevEIS24Q019_TempResitingQ315vFinal.pdf,,Q315
274,The Proposed Opening and Co-location of Success Academy Charter School - NYC 7 (84KTBD) with Existing Schools P.S. 25 Eubie Blake (16K534) in Building K025 Beginning in the 2016-2017 School Year,2019.0,http://schools.nyc.gov/NR/rdonlyres/D9619074-60BF-4445-9534-C2E62C24B858/190819/AmendedEIS_SuccessatK025_vfinal.pdf,http://schools.nyc.gov/NR/rdonlyres/D9619074-60BF-4445-9534-C2E62C24B858/190416/BUPSuccessatK025_vfinal.pdf,K025
277,The Proposed Consolidation of Urban Assembly Academy of Civic Engagement (08X366) with Mott Hall Community School (08X467) in Building X192 Beginning in the 2016-2017 School Year,2020.0,http://schools.nyc.gov/NR/rdonlyres/4AE3D9CE-7A42-42D0-A3FF-DA8C799E57AE/190002/AMENDED_EIS_08X366_Consolidation_vfinal1.pdf,,X192
281,The Proposed Opening and Co-location of Success Academy Charter School - New York 6 (84KTBD) with Existing School P.S. 297 Abraham Stockton (14K297) in Building K297 Beginning in the 2016-2017 School Year,2019.0,http://schools.nyc.gov/NR/rdonlyres/4AE3D9CE-7A42-42D0-A3FF-DA8C799E57AE/189999/EIS_SuccessatK297_revision_vfinal1.pdf,http://schools.nyc.gov/NR/rdonlyres/4AE3D9CE-7A42-42D0-A3FF-DA8C799E57AE/190000/BUPSuccessatK297_revision_vfinal1.pdf,K297
283,The Proposed Re-Siting of P.S. 211 (24Q211) To New Building Q298 Beginning in the 2017-2018 School Year.,2017.0,http://schools.nyc.gov/NR/rdonlyres/7E9BED87-11CB-496C-933A-F0C34FA9A541/189706/AmendedEIS_24Q211_ResitingvFinal.pdf,,Q269
285,The Proposed Grade Truncation of Knowledge and Power Preparatory Academy (09X215) from a 5-8 School to a 6-8 School Beginning in the 2016-2017 School Year,2018.0,http://schools.nyc.gov/NR/rdonlyres/7E9BED87-11CB-496C-933A-F0C34FA9A541/187928/09X215_Grade_Truncation_EIS_vfinal1.pdf,,X148
288,The Proposed Re-Siting of Satellite West Middle School (13K313) to New Building K611 in the 2016-2017 School Year,2018.0,http://schools.nyc.gov/NR/rdonlyres/7E9BED87-11CB-496C-933A-F0C34FA9A541/187930/EIS13K313_vfinal.pdf,,K611
290,The Proposed Consolidation of M.S. 334 Middle School for Academic and Social Excellence (17K334) with M.S. 354 The School of integrated Learning (17K354) in Building K390 Beginning in the 2016-2017 School Year,2017.0,http://schools.nyc.gov/NR/rdonlyres/7E9BED87-11CB-496C-933A-F0C34FA9A541/187925/ProposedConsolidationofK334354EISvFinal1.pdf,http://schools.nyc.gov/NR/rdonlyres/7E9BED87-11CB-496C-933A-F0C34FA9A541/187945/BUP_K334K354ConsolidationinK390_vfinal.pdf,K390
293,The Proposed Re-Siting of P.S. 211 (24Q211) To New Building Q298 Beginning in the 2017-2018 School Year.,2022.0,http://schools.nyc.gov/NR/rdonlyres/7E9BED87-11CB-496C-933A-F0C34FA9A541/189706/AmendedEIS_24Q211_ResitingvFinal.pdf,,Q298
294,The Proposed Opening and Co-location of Success Academy Charter School - New York 4 (84QTBD) with Existing Schools M.S. 53 Brian Piccolo (27Q053) and Village Academy Middle School (27Q319) in Building Q053 Beginning in the 2016-2017 School Year,2019.0,http://schools.nyc.gov/NR/rdonlyres/7E9BED87-11CB-496C-933A-F0C34FA9A541/189166/Revised110215_EIS_84QTBD_ColocationatQ053_vFinal.pdf,http://schools.nyc.gov/NR/rdonlyres/7E9BED87-11CB-496C-933A-F0C34FA9A541/189167/RevisedBUP_SuccessAcademy_Q053_vFinal.pdf,Q053
298,"The Proposed Expansion of Success Academy Charter School – Cobble Hill (84K129) in Building K293 with Brooklyn School for Global Studies (15K429), School for International Studies (15K497), and One Site of an Existing District 75 Program P368K (75K368) Beginning in the 2016-2017 School Year",2017.0,http://schools.nyc.gov/NR/rdonlyres/48F82A33-1E19-492D-A4A0-5C856391ADAB/181034/EIS_K293_vfinal.pdf,http://schools.nyc.gov/NR/rdonlyres/48F82A33-1E19-492D-A4A0-5C856391ADAB/183003/AmendedBUP_Success_Academy_K293_vfinal.pdf,K293
302,"The Proposed Expansion of Icahn Charter School 7 (84X362) in Buildings X093 and X893 with P.S. 93 Albert G. Oliver (08X093), Beginning in the 2016-2017 School Year",2017.0,http://schools.nyc.gov/NR/rdonlyres/01438389-8569-42DF-AD4E-D3D99608EC28/180162/EIS_X093_Icahn7Expansion_vfinal.pdf,http://schools.nyc.gov/NR/rdonlyres/01438389-8569-42DF-AD4E-D3D99608EC28/180163/BUP_X093_Icahn7CoLocExpan_vfinal.pdf,X093
304,"The Proposed Expansion of Icahn Charter School 7 (84X362) in Buildings X093 and X893 with P.S. 93 Albert G. Oliver (08X093), Beginning in the 2016-2017 School Year",2017.0,http://schools.nyc.gov/NR/rdonlyres/01438389-8569-42DF-AD4E-D3D99608EC28/180162/EIS_X093_Icahn7Expansion_vfinal.pdf,http://schools.nyc.gov/NR/rdonlyres/01438389-8569-42DF-AD4E-D3D99608EC28/180163/BUP_X093_Icahn7CoLocExpan_vfinal.pdf,X893
306,The Proposed Co-Location of New Visions Charter High School For Advanced Math and Science IV (84QTBD) with Existing Schools August Martin High School (27Q400) and Voyages Prep – South Queens Transfer High School (27Q261) in Building Q400 Beginning in the 2015-2016 School Year,2018.0,http://schools.nyc.gov/NR/rdonlyres/10D5EAC8-48D2-435A-B2D2-C511A236C246/178507/Q400_NewVisionsCharterHSColocation_EIS_vfinal.pdf,http://schools.nyc.gov/NR/rdonlyres/10D5EAC8-48D2-435A-B2D2-C511A236C246/178508/BUP_NewVisionsQ400_vfinal.pdf,Q400
310,"The Proposed Temporary Co-Location of Grades 3-5 of Success Academy Charter School – Bronx 3 (84X380) with Existing Schools J.H.S. 145 Arturo Toscanini (09X145), Urban Science Academy (09X325), and New Millennium Business Academy Middle School (09X328) in Building X145 Beginning in the 2015-2016 School Year",2017.0,http://schools.nyc.gov/NR/rdonlyres/10D5EAC8-48D2-435A-B2D2-C511A236C246/178504/EIS_X145_84X380_SABronx3_vfinal.pdf,http://schools.nyc.gov/NR/rdonlyres/10D5EAC8-48D2-435A-B2D2-C511A236C246/178505/BUP_X145_84X380SABronx3_updated_vfinal.pdf,X145
315,The Proposed Temporary Partial Re-siting and Co-location of P.S. 24 Andrew Jackson (25Q024) with P.S. 107 Thomas A. Dooley (25Q107) in Building Q107 for Three Years Beginning in the 2015-2016 School Year,2017.0,http://schools.nyc.gov/NR/rdonlyres/F9897383-334E-4238-B303-AD920880C449/177179/EIS_25Q024_ResitingQ107vfinal.pdf,,Q107
317,"The Proposed Re-siting of a Portion of P.S. 199 Maurice A. Fitzgerald (24Q199) to Building Q777, Beginning in the 2015-2016 School Year",2019.0,http://schools.nyc.gov/NR/rdonlyres/F9897383-334E-4238-B303-AD920880C449/177177/EIS_24Q199PartialResitingQ777_vfinal.pdf,,Q777
319,"The Proposed Re-siting of a Portion of P.S. 199 Maurice A. Fitzgerald (24Q199) to Building Q777, Beginning in the 2015-2016 School Year",2019.0,http://schools.nyc.gov/NR/rdonlyres/F9897383-334E-4238-B303-AD920880C449/177177/EIS_24Q199PartialResitingQ777_vfinal.pdf,,Q841
321,"The Proposed Re-siting of a Portion of P.S. 199 Maurice A. Fitzgerald (24Q199) to Building Q777, Beginning in the 2015-2016 School Year",2019.0,http://schools.nyc.gov/NR/rdonlyres/F9897383-334E-4238-B303-AD920880C449/177177/EIS_24Q199PartialResitingQ777_vfinal.pdf,,Q199
323,The Proposed Grade Expansion of the Young Women’s Leadership School of the Bronx (09X568) with Existing School I.S. 117 Joseph H. Wade Academies (09X117) in School Building X117 Beginning in the 2015-2016 School Year,2018.0,http://schools.nyc.gov/NR/rdonlyres/26FAB2FF-F19C-4704-AF79-95BF12BB0FF6/177032/AMENDEDEIS_X568_YWLS_Expansion_vfinal.pdf,,X117
325,"The Proposed Opening and Co-Location of The Bronx Charter School for Better Learning II (84XTBD) with J.H.S. 144 Michelangelo (11X144) and Pelham Gardens Middle School (11X566) in Building X144, Beginning in the 2015-2016 School Year",2020.0,http://schools.nyc.gov/NR/rdonlyres/26FAB2FF-F19C-4704-AF79-95BF12BB0FF6/175947/EIS_BBLII_X144_New_School_Siting_vfinal.pdf,http://schools.nyc.gov/NR/rdonlyres/26FAB2FF-F19C-4704-AF79-95BF12BB0FF6/175949/BUP_84XTBD_11X566_11X144_X144_vfinal.pdf,X144
328,"The Proposed Co-location of the High School Grades of Achievement First Bushwick (84K538) and the High School Grades of Achievement First East New York (84K358) with Existing Schools I.S. 347 School of Humanities (32K347) and I.S. 349 Math, Science and Tech. (32K349) in Building K111 Beginning in 2015-2016",2018.0,http://schools.nyc.gov/NR/rdonlyres/26FAB2FF-F19C-4704-AF79-95BF12BB0FF6/177792/SecondAmendedEIS_AFK111vfinal.pdf,http://schools.nyc.gov/NR/rdonlyres/26FAB2FF-F19C-4704-AF79-95BF12BB0FF6/177059/BUP_AFUniversityPrepK111_vfinal.pdf,K111
331,"The Proposed Expansion of Success Academy Charter School - Bed-Stuy 1 (84K367) in Building K033 with The School for the Urban Environment (14K330), Foundations Academy (14K322), and a District 75 Program (75K368), Beginning in the 2015-2016 School Year",2019.0,http://schools.nyc.gov/NR/rdonlyres/26FAB2FF-F19C-4704-AF79-95BF12BB0FF6/177917/SecAmen_EISK033_vfinal1.pdf,http://schools.nyc.gov/NR/rdonlyres/26FAB2FF-F19C-4704-AF79-95BF12BB0FF6/177052/BUP_K033_CoLocationExpansion_vfinal.pdf,K033
335,The Proposed Temporary Partial Re-siting and Co-location of P.S. 46 Edgar Allan Poe (10X046) with Thomas C. Giordano M.S. 45 (10X045) in Building X045 for Four Years Beginning in the 2015-2016 School Year,2019.0,http://schools.nyc.gov/NR/rdonlyres/26FAB2FF-F19C-4704-AF79-95BF12BB0FF6/175944/EIS_10X046_ResitingX045vfinal.pdf,,X045
337,The Proposed Temporary Partial Re-siting and Co-location of P.S. 46 Edgar Allan Poe (10X046) with Thomas C. Giordano M.S. 45 (10X045) in Building X045 for Four Years Beginning in the 2015-2016 School Year,2019.0,http://schools.nyc.gov/NR/rdonlyres/26FAB2FF-F19C-4704-AF79-95BF12BB0FF6/175944/EIS_10X046_ResitingX045vfinal.pdf,,X046
338,The Proposed Grade Truncation of P.S. 152 Gwendoline N. Alleyne School (30Q152) from a K-6 School to a K-5 School Beginning in the 2015-2016 School Year,2020.0,http://schools.nyc.gov/NR/rdonlyres/D7B638C0-65C7-4075-9F73-5B631C64E959/171075/30Q152_EIS_vfinal.pdf,,Q152
339,The Proposed Grade Expansion of Central Park East II (04M964) from K-5 to K-8 and the Proposed Co-location of Central Park East II’s Middle School Grades with P.S. 108 Assemblyman Angelo Del Toro (04M108) in Building M108 Beginning in the 2015-2016 School Year,2017.0,http://schools.nyc.gov/NR/rdonlyres/A07170DC-C942-47AE-8E1A-91B0DF349222/175503/AMENDEDCPEIIExpansioninM108vFINAL.pdf,,M108
341,The Proposed Re-siting of The Peck Slip School (02M343) from Building M860 to New Building M343 in the 2015-2016 School Year,2020.0,http://schools.nyc.gov/NR/rdonlyres/D7B638C0-65C7-4075-9F73-5B631C64E959/171065/EIS_PeckSlipResitingvFINAL.pdf,,M343
342,The Proposed Grade Expansion of P.S. 251 (29Q251) from a K-3 to a K-5 School Beginning in 2015-2016,2020.0,http://schools.nyc.gov/NR/rdonlyres/D7B638C0-65C7-4075-9F73-5B631C64E959/171073/Q251gradeexpansionEISvfinal.pdf,,Q231
345,The Proposed Grade Expansion of P.S. 251 (29Q251) from a K-3 to a K-5 School Beginning in 2015-2016,2020.0,http://schools.nyc.gov/NR/rdonlyres/D7B638C0-65C7-4075-9F73-5B631C64E959/171073/Q251gradeexpansionEISvfinal.pdf,,Q251
348,The Proposed Re-Siting and Co-location of P.S. 110 (24Q110) with a New Site of an Existing District 75 School P.S. Q277 (75Q277) in New Building Q315 Beginning in the 2015-2016 School Year,2020.0,http://schools.nyc.gov/NR/rdonlyres/D7B638C0-65C7-4075-9F73-5B631C64E959/171069/24Q110_ResitingandColocation_EIS_vfinal.pdf,,Q315
350,The Proposed Re-siting of Beacon High School (03M479) to New Building M912 and Co-Location with P.S. 35 (75M035) Beginning in the 2015-2016 School Year,2019.0,http://schools.nyc.gov/NR/rdonlyres/D7B638C0-65C7-4075-9F73-5B631C64E959/171067/BeaconResitingEISvFinal.pdf,,M912
352,The Proposed Re-siting of Kindergarten and First Grade of P.S. 112 Lefferts Park (20K112) in New Building K768 Beginning in the 2015-2016 School Year,2020.0,http://schools.nyc.gov/NR/rdonlyres/D7B638C0-65C7-4075-9F73-5B631C64E959/171173/EIS_PS112resiting_vfinal.pdf,,K112
353,The Proposed Re-siting of Kindergarten and First Grade of P.S. 112 Lefferts Park (20K112) in New Building K768 Beginning in the 2015-2016 School Year,2020.0,http://schools.nyc.gov/NR/rdonlyres/D7B638C0-65C7-4075-9F73-5B631C64E959/171173/EIS_PS112resiting_vfinal.pdf,,K768
354,"The Proposed Grade Expansion of P.S. 305 Learners and Leaders (24Q305) from a K-3 to a K-5 School, and the Partial Re-Siting of P.S. 305 Learners and Leaders to Building Q320, Beginning in the 2015- 2016 School Year",2020.0,http://schools.nyc.gov/NR/rdonlyres/D7B638C0-65C7-4075-9F73-5B631C64E959/171071/EIS_24Q305ExpansionandPartialResitingQ320_vfinal.pdf,,Q245
355,"The Proposed Grade Expansion of P.S. 305 Learners and Leaders (24Q305) from a K-3 to a K-5 School, and the Partial Re-Siting of P.S. 305 Learners and Leaders to Building Q320, Beginning in the 2015- 2016 School Year",2020.0,http://schools.nyc.gov/NR/rdonlyres/D7B638C0-65C7-4075-9F73-5B631C64E959/171071/EIS_24Q305ExpansionandPartialResitingQ320_vfinal.pdf,,Q320
356,The Proposed Re-siting and Co-location of a Portion of P.S. 130 The Parkside (15K130) with a New District Middle School (15KTBD) and a District 75 Program (75K053) in New Building K437 Beginning in the 2015-2016 School Year,2020.0,http://schools.nyc.gov/NR/rdonlyres/D7B638C0-65C7-4075-9F73-5B631C64E959/171171/EIS_PS_130_Split_Siting_vfinal.pdf,,K130
357,The Proposed Re-siting and Co-location of a Portion of P.S. 130 The Parkside (15K130) with a New District Middle School (15KTBD) and a District 75 Program (75K053) in New Building K437 Beginning in the 2015-2016 School Year,2020.0,http://schools.nyc.gov/NR/rdonlyres/D7B638C0-65C7-4075-9F73-5B631C64E959/171171/EIS_PS_130_Split_Siting_vfinal.pdf,,K437
360,"The Proposed Re-Siting of a Portion of Richmond Hill High School
(27Q475) from Building Q636 to Building Q475 During the 2014-2015
and 2015-2016 School Years, and the Temporary Co-location of a
Portion of Richmond Hill High School (27Q475) with Epic High School
– North (27Q334) in Building Q636 for the 2014-2015 School Year",2017.0,http://schools.nyc.gov/NR/rdonlyres/C62B6CF8-89DF-4745-8B63-CE7082D16770/164492/EIS_Q475resite_vFINAL.pdf,,Q475
361,"The Proposed Co-location of Two District High Schools
(02M280 and 02M282) with Existing Schools The Urban
Assembly School for Emergency Management (02M135) and
Murry Bergtraum High School for Business Careers (02M520)
in Building M520 Beginning in the 2014-2015 School Year",2019.0,http://schools.nyc.gov/NR/rdonlyres/1DD21B74-8CFD-415B-8200-7F9F3B324068/160168/M520EIS_vFINAL.pdf,,M520
365,"The Proposed Grade Truncation of I.S. 125 Thom J. McCann
Woodside (24Q125) from a 5-8 School to a 6-8 School
Beginning in the 2014-2015 School Year",2017.0,http://schools.nyc.gov/NR/rdonlyres/1DD21B74-8CFD-415B-8200-7F9F3B324068/159921/Q125_EIS_vFinal.pdf,,Q125
366,"The Proposed Extension and Expansion of the Temporary Co-location of the Middle School Grades of Harlem Prep Charter School (84M708) with M.S. 224 Manhattan East School for Arts & Academics (04M224), Renaissance Charter High School for Innovation (84M433), and Success Academy Charter School – Harlem 3 (84M385) in Building M099 through the 2014-2015 School Year",2017.0,http://schools.nyc.gov/NR/rdonlyres/1DD21B74-8CFD-415B-8200-7F9F3B324068/159947/M099EIS.pdf,http://schools.nyc.gov/NR/rdonlyres/1DD21B74-8CFD-415B-8200-7F9F3B324068/159948/M099BUP.pdf,M099
370,"The Proposed Re-Siting and Co-location of P.S. 290 A.C.E.
Academy for Scholars at the Geraldine Ferraro Campus
(24Q290) with P.S. Q277 (75Q277@Q290), a District 75 School, in
New Building Q290 Beginning in the 2014-2015 School Year",2019.0,http://schools.nyc.gov/NR/rdonlyres/455F6998-9240-4D29-859B-08E83BA18C80/153325/24Q290_ResitingandColocation_EIS_vfinal1.pdf,,Q290
372,"The Proposed Co-location of a New District High School
(16K765) with Existing Schools Boys and Girls High School
(16K455) and Research and Service High School (16K669) in
Building K455 Beginning in 2014-2015
",2017.0,http://schools.nyc.gov/NR/rdonlyres/455F6998-9240-4D29-859B-08E83BA18C80/153329/NewDistrictHS_K455_vfinal.pdf,,K455
375,"The Proposed Opening and Co-location of New High
School 29Q313 with Business, Computer Applications &
Entrepreneurship High School (29Q496), Mathematics,
Science Research and Technology Magnet High School
(29Q492), Law, Government and Community Service
High School (29Q494), Humanities & Arts Magnet High
School (29Q498), and Institute for Health Professions at
Cambria Heights (29Q243) in School Building Q490
Beginning in 2014-2015
",2017.0,http://schools.nyc.gov/NR/rdonlyres/B122F4F4-30A6-420E-9A0B-97FB288B216A/153568/ReplacementBCAE_29Q313_v20final.pdf,,Q490
381,"The Proposed Re-siting and Co-location of a Portion of One Grade
Level of P.S. 19 Marino Jeantet (24Q019) with P.S. 211 (24Q211) in
Building Q269 Beginning in the 2013-2014 School Year ",2018.0,http://schools.nyc.gov/NR/rdonlyres/B122F4F4-30A6-420E-9A0B-97FB288B216A/152349/24Q019_ColocationEIS_vFINAL.pdf,,Q269
383,"The Proposed Co-Location of Grades Five through Eight of a New 
Public Charter School Achievement First North Brooklyn Preparatory
Charter School (84KTBD) with Existing School P.S. 299 Thomas
Warren Field (32K299) in Building K299 Beginning in 2015-2016
",2018.0,http://schools.nyc.gov/NR/rdonlyres/305400E6-AC46-43C3-8704-753805AAF2F5/150115/EIS_AFCentralBK58K299_vfinal.pdf,http://schools.nyc.gov/NR/rdonlyres/305400E6-AC46-43C3-8704-753805AAF2F5/150116/BUP_84KTBD_AFNorthK299_vfinal.pdf,K299
384,"The Proposed Co-Location of Grades Five through Eight of a New
Public Charter School Achievement First North Brooklyn Preparatory
Charter School (84KTBD) with Existing School P.S. 299 Thomas
Warren Field (32K299) in Building K299 Beginning in 2015-2016
",2018.0,http://schools.nyc.gov/NR/rdonlyres/305400E6-AC46-43C3-8704-753805AAF2F5/150115/EIS_AFCentralBK58K299_vfinal.pdf,http://schools.nyc.gov/NR/rdonlyres/305400E6-AC46-43C3-8704-753805AAF2F5/150116/BUP_84KTBD_AFNorthK299_vfinal.pdf,K299
385,"The Proposed Co-location of Grades Six through Eight of
Explore Exceed Charter School’s (84K333) with Existing Schools
P.S. 375 Jackie Robinson School (17K375) and M.S. 352 Ebbets
Field Middle School (17K352) in Building K320 Beginning in
2015-2016",2017.0,http://schools.nyc.gov/NR/rdonlyres/305400E6-AC46-43C3-8704-753805AAF2F5/150283/EIS_ColocationofExploreExceedK320vfinal.pdf,http://schools.nyc.gov/NR/rdonlyres/305400E6-AC46-43C3-8704-753805AAF2F5/150284/BUP_84K333ExploreExceedColocation_vfinal.pdf,K320
388,"The Proposed Re-Siting and Grade Expansion of M.S. 260
Clinton School for Writers and Artists (02M260) from a 6-8 to
a 6-12 School in Building M868 Beginning in the 2015-2016
School Year",2018.0,http://schools.nyc.gov/NR/rdonlyres/305400E6-AC46-43C3-8704-753805AAF2F5/150092/02M260Expansionv_FINAL.pdf,,M933
389,"The Proposed Opening and Co-location of New District
Elementary School 31R010 with Existing School P.S. 16 John
J. Driscoll (31R016) in Building R016 Beginning in 2014-2015
",2019.0,http://schools.nyc.gov/NR/rdonlyres/305400E6-AC46-43C3-8704-753805AAF2F5/150096/EIS_31R016_Colocation_vFINAL.pdf,,R016
391,"The Proposed Co-Location of New Public Elementary Charter School,
Success Academy Charter School – New York 6 (84QTBD), with
Existing Schools I.S. 59 Springfield Gardens (29Q059) and P.S. 176
Cambria Heights (29Q176) in Building Q059 Beginning in 2014-2015
",2023.0,http://schools.nyc.gov/NR/rdonlyres/305400E6-AC46-43C3-8704-753805AAF2F5/149385/EIS_84QTBD_ColocationatQ059_vFINAL.pdf,http://schools.nyc.gov/NR/rdonlyres/305400E6-AC46-43C3-8704-753805AAF2F5/149387/BUP_84QTBD_ColocationatQ059_vFINAL.pdf,Q059
394,"The Proposed Opening and Co-location of New District
Elementary School 28Q312 with Existing School P.S. 40
Samuel Huntington (28Q040) Beginning in the 2014-2015
School Year",2019.0,http://schools.nyc.gov/NR/rdonlyres/305400E6-AC46-43C3-8704-753805AAF2F5/149371/EIS_28Q312ES_Colocation_vfinal.pdf,,Q040
396,"The Proposed Opening and Co-location of New District High
School (27Q314) with Existing Schools J.H.S. 226 Virgil I.
Grissom (27Q226), J.H.S. 297 Hawtree Creek Middle School
(27Q297), and P.S. Q233 (75Q233@Q226), a District 75 School
in Building Q226 Beginning in the 2014-2015 School Year",2017.0,http://schools.nyc.gov/NR/rdonlyres/305400E6-AC46-43C3-8704-753805AAF2F5/150067/EIS_27Q226_Colocation_vfinal.pdf,,Q226
400,"The Proposed Opening and Co-location of New High School
(26Q315) with Martin Van Buren High School (26Q435) in
Building Q435 Beginning in 2014-2015
",2019.0,http://schools.nyc.gov/NR/rdonlyres/305400E6-AC46-43C3-8704-753805AAF2F5/151151/EIS_26Q315_ColocationatQ435_vFINALAmendmentvFINAL.pdf,,Q435
402,"The Proposed Co-location of Coney Island Preparatory Public Charter School
(84K744) Grades Kindergarten through Four with Existing Schools I.S. 281
Joseph B. Cavallaro (21K281) and P811K@I281K (75K811) in School Building
K281 Beginning in 2014-2015
",2017.0,http://schools.nyc.gov/NR/rdonlyres/305400E6-AC46-43C3-8704-753805AAF2F5/150313/EIS_84K774ConeyIslandPrepCoLocationK281_vfinal.pdf,http://schools.nyc.gov/NR/rdonlyres/305400E6-AC46-43C3-8704-753805AAF2F5/150314/BUP_21K281_75K811_CIPES_Colocation_vfinal.pdf,K281
405,"The Proposed Co-location of Achievement First Brooklyn
Academy Charter School with Existing Schools J.H.S. 166
George Gershwin (19K166), UFT Charter School (84K359),
and Van Siclen Community Middle School (19K654) in
Building K166 Beginning in 2014-2015
",2017.0,http://schools.nyc.gov/NR/rdonlyres/305400E6-AC46-43C3-8704-753805AAF2F5/150323/EIS_colocation_AF_K166_vfinal.pdf,http://schools.nyc.gov/NR/rdonlyres/305400E6-AC46-43C3-8704-753805AAF2F5/150325/BUP_84KTBD_K166_AFMS_vfinal.pdf,K166
409,"The Proposed Opening and Co-location of New Public Charter Elementary School Compass Charter School with Existing School M.S. 113 Ronald Edmonds Learning Center (13K113) and a District 75 Program, P372K@K113, in Building K113 Beginning in 2014-2015",2018.0,http://schools.nyc.gov/NR/rdonlyres/305400E6-AC46-43C3-8704-753805AAF2F5/150107/13K113_TER_and_Colocation_vFINAL1.pdf,http://schools.nyc.gov/NR/rdonlyres/305400E6-AC46-43C3-8704-753805AAF2F5/150108/BUP_13K113TERand84KTBDCompassColocation_vfinal1.pdf,K113
412,"The Proposed Co-location of a New District Elementary School
(12X458) with Existing Schools P.S. 050 Clara Barton (12X050) and
Fairmont Neighborhood School (12X314) in Building X050 Beginning
in 2014-2015",2019.0,http://schools.nyc.gov/NR/rdonlyres/305400E6-AC46-43C3-8704-753805AAF2F5/153417/X050_12X458_Colocation_Amended_EISvfinal1.pdf,,X050
415,"The Proposed Grade Reconfiguration and Extension of the Colocation of Children’s Aid College Prep Charter School (84X124), with P.S. 211 (12X211) and I.S. 318 The School of Mathematics, Science & Technology through the Arts (12X318) in Building X193, Beginning in 2014-2015",2019.0,http://schools.nyc.gov/NR/rdonlyres/305400E6-AC46-43C3-8704-753805AAF2F5/150245/X193_EIS_CACPCS_vfinal.pdf,http://schools.nyc.gov/NR/rdonlyres/305400E6-AC46-43C3-8704-753805AAF2F5/150246/X193_BUP_CACPCS_vfinal.pdf,X193
418,The Proposed Co-location of a New District High School (06M211) with Existing Schools J.H.S. 052 Inwood (06M052) and High School for Excellence and Innovation (06M423) in Building M052 Beginning in 2014-2015,2019.0,http://schools.nyc.gov/NR/rdonlyres/305400E6-AC46-43C3-8704-753805AAF2F5/150094/NewCTEHSinM052EIS_vFINAL.pdf,,M052
421,"The Proposed Co-Location of New Public Elementary Charter School,
Success Academy Charter School – New York 4 (84KTBD) Grades K-
4 with Existing School J.H.S. 78 Roy H. Mann (22K078) in Building
K078 Beginning in 2014-2015
",2017.0,http://schools.nyc.gov/NR/rdonlyres/7AC20E2C-5933-4F54-806B-DA19BE3A9C55/152296/AMENDEDk078EISVfinal.pdf,http://schools.nyc.gov/NR/rdonlyres/7AC20E2C-5933-4F54-806B-DA19BE3A9C55/152297/AMENDEDBUPK078vfinal.pdf,K078
423,"The Proposed Co-location of Success Academy Charter
School – New York 3 (84KTBD), with Existing School I.S.
096 Seth Low (21K096) in Building K096 Beginning in 2014-
2015
",2018.0,http://schools.nyc.gov/NR/rdonlyres/7AC20E2C-5933-4F54-806B-DA19BE3A9C55/149465/EIS_SABrooklyn9inK096_vfinal1.pdf,http://schools.nyc.gov/NR/rdonlyres/7AC20E2C-5933-4F54-806B-DA19BE3A9C55/151148/AmendedBUP_SABrooklyn9Colocation_vfinal.pdf,K096
425,"The Proposed Co-location of New District High School (19K764) with Multicultural High School (19K583), Academy of Innovative Technology (19K618), Brooklyn Lab School (19K639), and Cypress Hills Collegiate Preparatory School (19K659) in Building K420 Beginning in 2014-2015",2017.0,http://schools.nyc.gov/NR/rdonlyres/7AC20E2C-5933-4F54-806B-DA19BE3A9C55/149370/EIS19K764NewHSK420_vFinal1.pdf,,K420
430,"The Proposed Co-location of Uncommon Charter High School 3 with
Existing Schools Brooklyn Generation School (18K566), Brooklyn
Theatre Arts High School (18K567), Victory Collegiate High School
(18K576), Brooklyn Bridge Academy (18K578), Academy for
Conservation and the Environment (18K637) and GED Plus (79Q950)
in Building K515 Beginning in 2014-2015
",2019.0,http://schools.nyc.gov/NR/rdonlyres/7AC20E2C-5933-4F54-806B-DA19BE3A9C55/149430/EIS_UncommonHSSouthshore_vfinal.pdf,http://schools.nyc.gov/NR/rdonlyres/7AC20E2C-5933-4F54-806B-DA19BE3A9C55/149431/BUP_84KTBD_Uncommon_vfinal.pdf,K515
437,The Proposed Re-Siting and Co-Location of Success Academy Charter School – Crown Heights (84K741) with Existing School P.S. 161 The Crown (17K161) in Building K161 Beginning in 2014-2015,2017.0,http://schools.nyc.gov/NR/rdonlyres/7AC20E2C-5933-4F54-806B-DA19BE3A9C55/149510/EISResitingandCoLocationofSACrownHeightsK161_vFina.pdf ,http://schools.nyc.gov/NR/rdonlyres/7AC20E2C-5933-4F54-806B-DA19BE3A9C55/149511/BUP_84K741_SuccessCrownHeights_K161_vFinal.pdf ,K161
439,"The Proposed Re-siting and Co-location of Stephen T. Mather
Building Arts & Craftsmanship High School (02M139) in
Building M625 with Existing Schools High School of Graphic
Communication Arts (02M625), Business of Sports School
(02M393), Urban Assembly Gateway School for Technology
(02M507) and Success Academy Charter School – Hell’s
Kitchen (84M170), and New School Success Academy
Charter School – Manhattan Middle School (84MTBD)
Beginning in the 2014-2015 School Year",2021.0,http://schools.nyc.gov/NR/rdonlyres/7AC20E2C-5933-4F54-806B-DA19BE3A9C55/149513/MatherResitingv_FINAL.pdf,http://schools.nyc.gov/NR/rdonlyres/7AC20E2C-5933-4F54-806B-DA19BE3A9C55/149514/BUP_MatherResiteFINAL3.pdf,M625
444,The Proposed Co-location of Success Academy Charter School – New York 2 (84XTBD) with Existing Schools J.H.S. 131 Albert Einstein (08X131) and Soundview Academy for Culture and Scholarship (08X448) in Building X131 Beginning in 2014-2015,2018.0,http://schools.nyc.gov/NR/rdonlyres/7AC20E2C-5933-4F54-806B-DA19BE3A9C55/149507/EIS_Colocation_X131_vfinal1.pdf ,http://schools.nyc.gov/NR/rdonlyres/7AC20E2C-5933-4F54-806B-DA19BE3A9C55/149508/X131_84XTBD_BUP_vfinal1.pdf ,X131
447,"The Proposed Co-Location of a New Elementary School (08X392) with Urban Assembly Academy of Civic Engagement (08X366), Urban Institute of Mathematics (08X371), and Mott Hall Community School (08X467) in Building X192 Beginning in 2014-2015",2019.0,http://schools.nyc.gov/NR/rdonlyres/7AC20E2C-5933-4F54-806B-DA19BE3A9C55/149347/EIS_X192_NewDistrictESColocation_vfinal.pdf ,,X192
448,"The Proposed Co-Location of a New Elementary School (08X392) with Urban Assembly Academy of Civic Engagement (08X366), Urban Institute of Mathematics (08X371), and Mott Hall Community School (08X467) in Building X192 Beginning in 2014-2015",2019.0,http://schools.nyc.gov/NR/rdonlyres/7AC20E2C-5933-4F54-806B-DA19BE3A9C55/149347/EIS_X192_NewDistrictESColocation_vfinal.pdf,,X192
451,"The Proposed Re-siting and Co-location of The Urban Assembly School for Emergency Management (02M135) with Existing School Murry Bergtraum High School for Business Careers (02M520) and New Charter Elementary School, Success Academy Charter School – New York 1 (84MTBD) in Building M520 Beginning in the 2014-2015 School Year",2018.0,http://schools.nyc.gov/NR/rdonlyres/7AC20E2C-5933-4F54-806B-DA19BE3A9C55/149516/UAEMResitingFINAL.pdf,http://schools.nyc.gov/NR/rdonlyres/7AC20E2C-5933-4F54-806B-DA19BE3A9C55/149520/BUP_M520_SAM3_FINAL2.pdf,M520
455,"The Proposed Co-Location of New Public Charter School PAVE II
Charter School (84KTBD) with Existing Schools I.S. 347 School of
Humanities (32K347) and I.S. 349 Math, Science and Tech. (32K349) in
Building K111 Beginning in 2014-2015
",2018.0,http://schools.nyc.gov/NR/rdonlyres/D5369995-5FC0-41F8-BF1A-6E8BAC200A23/144107/EIS_PAVEIIK5K111_FINAL1.pdf,,K111
457,"The Proposed Co-Location of New Public Charter School Achievement First North Brooklyn Preparatory’s (84KTBD) Grades K-4
with Existing School P.S. 377 Alejandrina B. De Gautier (32K377) in
Building K377 Beginning in 2014-2015
",2017.0,http://schools.nyc.gov/NR/rdonlyres/D5369995-5FC0-41F8-BF1A-6E8BAC200A23/144114/EIS_AFCentralBKK4K377_vfinal1.pdf,http://schools.nyc.gov/NR/rdonlyres/D5369995-5FC0-41F8-BF1A-6E8BAC200A23/144115/BUP_84KTBD_AFCentralK377_vfinal1.pdf,K377
459,"The Proposed Opening and Co-Location of a New Citywide Gifted and
Talented School (30Q300) with Existing School P.S. 17 Henry David
Thoreau in Building Q017 Beginning in the 2014-2015 School Year,
and the Proposed Re-Siting, Split-Siting, and Co-Location of Grades
Five Through Eight of 30Q300 with I.S. 126 Albert Shanker School for
Visual and Performing Arts in Building Q126 Beginning in the 2015-
2016 School Year",2017.0,http://schools.nyc.gov/NR/rdonlyres/D5369995-5FC0-41F8-BF1A-6E8BAC200A23/144097/30QTBD_Q126_Q017_EIS_vFinal1.pdf,,Q017
461,"The Proposed Opening and Co-Location of a New Citywide Gifted and
Talented School (30Q300) with Existing School P.S. 17 Henry David
Thoreau in Building Q017 Beginning in the 2014-2015 School Year,
and the Proposed Re-Siting, Split-Siting, and Co-Location of Grades
Five Through Eight of 30Q300 with I.S. 126 Albert Shanker School for
Visual and Performing Arts in Building Q126 Beginning in the 2015-
2016 School Year",2018.0,http://schools.nyc.gov/NR/rdonlyres/D5369995-5FC0-41F8-BF1A-6E8BAC200A23/144097/30QTBD_Q126_Q017_EIS_vFinal1.pdf,,Q126
464,"The Proposed Co-location of the High School Grades of Success Academy Charter School –
Harlem 1 (84M351), Success Academy Charter School – Harlem 2 (84M384), Success Academy
Charter School – Harlem 3 (84M385), Success Academy Charter School – Harlem 4 (84M386), and
Success Academy Charter School – Harlem 5 (84M482) with Existing Schools Manhattan Academy
for Arts and Language (02M427), Murray Hill Academy (02M432) and Unity Center for Urban
Technologies (02M500) in School Building M620 Beginning in the 2014-2015 School Year, and the
Proposed Temporary Co-location of the Eighth Grade of Success Academy Charter School –
Harlem 1 (84M351) in Building M620 for the 2014-2015 and 2015-2016 School Years, and the Eighth
Grades of Success Academy Charter School – Harlem 2 (84M384), Success Academy Charter
School – Harlem 3 (84M385), and Success Academy Charter School – Harlem 4 (84M386) in
Building M620 in the 2015-2016 School Year with Existing Schools Manhattan Academy for Arts
and Language (02M427), Murray Hill Academy (02M432) and Unity Center for Urban Technologies
(02M500)
",2020.0,http://schools.nyc.gov/NR/rdonlyres/D5369995-5FC0-41F8-BF1A-6E8BAC200A23/142028/SuccessHSatNormanThomas_vFINAL1.pdf,http://schools.nyc.gov/NR/rdonlyres/D5369995-5FC0-41F8-BF1A-6E8BAC200A23/142029/BUP_M620_SCNHS_vFINAL1.pdf,M620
468,"The Proposed Co-Location of Explore Envision Charter School
Grades K-5 (84KTBD) with Existing Schools P.S. 190 Sheffield
(19K190) and Essence School (19K311) in Building K190 Beginning in
2014-2015",2017.0,http://schools.nyc.gov/NR/rdonlyres/D5369995-5FC0-41F8-BF1A-6E8BAC200A23/144068/EIS_84KTBD_Explore_K5_K190_Colocation_vfinal1.pdf,http://schools.nyc.gov/NR/rdonlyres/D5369995-5FC0-41F8-BF1A-6E8BAC200A23/144069/BUP_84KTBDExploreK5K190Colocation_vfinal1.pdf,K190
470,"The Proposed Co-Location of Grades 5-8 of Success Academy
Charter School – Bronx 2 (84X494) with Existing Schools J.H.S. 22
Jordan L. Mott (09X022) and Bronx Writing Academy (09X323) in
Building X022 Beginning in 2014-2015",2017.0,http://schools.nyc.gov/NR/rdonlyres/D5369995-5FC0-41F8-BF1A-6E8BAC200A23/144378/EIS_Amended_X022Colocation_vFinal1.pdf,http://schools.nyc.gov/NR/rdonlyres/D5369995-5FC0-41F8-BF1A-6E8BAC200A23/144379/BUP_Amended_X022CoLocation_vFinal1.pdf,X022
473,"The Proposed Co-Location of Boys Preparatory Charter School of the
Bronx (84XTBD) with P.S. 107 (08X107) in Building X107, Beginning in
2014-2015",2018.0,http://schools.nyc.gov/NR/rdonlyres/D5369995-5FC0-41F8-BF1A-6E8BAC200A23/144065/BoysPrepColocation_X107_EIS_vfinal1.pdf,http://schools.nyc.gov/NR/rdonlyres/D5369995-5FC0-41F8-BF1A-6E8BAC200A23/144066/BoysPrepColocation_X107_BUP_vfinal1.pdf,X107
475,The Proposed Co-Location of Grades Kindergarten through Four of KIPP S.T.A.R. College Preparatory Charter School (84M726) with KIPP Infinity Charter School (84M336) and New Design Middle School (05M514) in Building M195 Beginning in 2014-2015,2018.0,http://schools.nyc.gov/NR/rdonlyres/79E5047D-AE22-492B-8EB0-4E07BA1C4E52/141969/KIPPSTARHarleminM195EISv18FINAL.pdf,http://schools.nyc.gov/NR/rdonlyres/79E5047D-AE22-492B-8EB0-4E07BA1C4E52/141970/KIPPSTARHarleminM195BUPv21FINAL.pdf,M195
481,BUP  Revision: Leadership Preparatory Charter School 4’s (84KTBD) K-4 Grades with Existing School I.S. 211 John Wilson (18K211) in Building K211,2017.0,,http://schools.nyc.gov/NR/rdonlyres/FEF28822-899D-4132-A113-83A143B39FB6/141967/RevisedK211BUPLeadershipPrep4_vfinal.pdf,K211
483,"The Proposed Grade Expansion of Washington Heights Expeditionary
Learning School (06M348) to a K-12 School Beginning in 2014-2015
",2019.0,http://schools.nyc.gov/NR/rdonlyres/65458436-3939-433C-8EF0-351EACBF92FB/135988/WHEELSEISv33FINAL.pdf,,M143
485,The Proposed Opening and Co-location of New District High School 30Q258 with I.S. 204 Oliver W. Holmes (30Q204) Beginning in 2013-2014,2018.0,http://schools.nyc.gov/NR/rdonlyres/65458436-3939-433C-8EF0-351EACBF92FB/138455/30Q258_EnergyHighColocationinQ204_VFinal.pdf,,Q204
488,"The Proposed Co-location of The New American Academy Charter School (84KTBD) in Building K415 with Existing Schools Kurt Hahn Expeditionary School (18K569), It Takes a Village Academy (18K563), and Cultural Academy for the Arts and Sciences (18K629) Beginning in the 2013-2014 School Year",2017.0,http://schools.nyc.gov/NR/rdonlyres/65458436-3939-433C-8EF0-351EACBF92FB/137233/EIS_84KTBD_NewAmerican_K415_vfinal.pdf,http://schools.nyc.gov/NR/rdonlyres/65458436-3939-433C-8EF0-351EACBF92FB/137234/BUP_84KTBD_NewAmerican_K415_vfinal.pdf,K415
492,"The Proposed Co-location of South Bronx Classical Charter
School II (84XTBD) in Building X154 with Existing School P.S.
154 Jonathan D. Hyatt (07X154) Beginning in 2013-2014
",2018.0,http://schools.nyc.gov/NR/rdonlyres/65458436-3939-433C-8EF0-351EACBF92FB/138382/X154_SBCCSIIColocation_EIS_vfinal.pdf,http://schools.nyc.gov/NR/rdonlyres/65458436-3939-433C-8EF0-351EACBF92FB/138452/X154_84XTBD_BUP_vfinal_amendedfinal.pdf,X154
494,"The Proposed Opening and Co-location of a New District
Elementary School, 06M103, with Existing School P.S.
132 Juan Pablo Duarte (06M132) in Building M132
Beginning in 2013-2014
",2018.0,http://schools.nyc.gov/NR/rdonlyres/65458436-3939-433C-8EF0-351EACBF92FB/137954/06M132TERandColocationFINAL.pdf,,M132
496,"The Proposed Co-location of Grades Kindergarten through Four of Democracy Prep Harlem Charter School (84M481), with Choir Academy of Harlem (05M469), Harlem Children’s Zone Promise Academy II (84M341), and New District School 05M157 (05M157) in Building M501 Beginning in 2013-2014",2017.0,http://schools.nyc.gov/NR/rdonlyres/65458436-3939-433C-8EF0-351EACBF92FB/139668/84M481ReplacementEISREVISEDvFINAL1.pdf,http://schools.nyc.gov/NR/rdonlyres/65458436-3939-433C-8EF0-351EACBF92FB/139669/DemocracyPrepElementarySchoolinM501BUPREVISEDv14FI.pdf,M501
501,"The Proposed Opening and Co-location of New District High School (05M157) with Choir Academy of Harlem (05M469), Harlem Children’s Zone Promise Academy II (84M341), and Grades Kindergarten through Four of Democracy Prep Harlem Charter School (84M481) in Building M501 Beginning in 2013-2014",2017.0,http://schools.nyc.gov/NR/rdonlyres/65458436-3939-433C-8EF0-351EACBF92FB/139672/05MTBDReplacementEISREVISEDvFINAL3.pdf,,M501
506,"The Proposed Co-location of a New Public Charter School, East
Harlem Scholars Academy Charter School II (84MTBD) with Existing
Schools J.H.S. 13 Jackie Robinson (04M013), Central Park East I
(04M497), Central Park East High School (04M555), and East Harlem
Scholars Academy Charter School (84M518) in School Building M013
Beginning in 2013-2014",2020.0,http://schools.nyc.gov/NR/rdonlyres/65458436-3939-433C-8EF0-351EACBF92FB/140222/EHS2EISvFINAL1.pdf,http://schools.nyc.gov/NR/rdonlyres/65458436-3939-433C-8EF0-351EACBF92FB/140223/BUP_EHSIandIIatM013_vFINAL3.pdf,M013
511,"The Proposed Co-location of the Middle School Grades of Success Academy Charter School – Manhattan 1 (84MTBD), Success Academy Charter School – Manhattan 2 (84MTBD) and Success Academy Charter School – Upper West (84M523), Collectively Known as Success Academy Charter",2021.0,http://schools.nyc.gov/NR/rdonlyres/BF115982-FF79-4522-AA19-1F9BE2F133D8/139095/SAManhattanMSEISvFINAL2.pdf,http://schools.nyc.gov/NR/rdonlyres/BF115982-FF79-4522-AA19-1F9BE2F133D8/139290/BUP_M625_SAManhattanMS_vAMENDED5.pdf,M625
518,The Proposed Expansion of the Co-location of Achievement First Apollo Charter School (84K774) with J.H.S. 302 Rafael Cordero (19K302) in Building K302 Beginning in 2014-2015,2017.0,http://schools.nyc.gov/NR/rdonlyres/BF115982-FF79-4522-AA19-1F9BE2F133D8/137904/84K774AFApolloExpansionatK302_EIS_vfinal2.pdf,http://schools.nyc.gov/NR/rdonlyres/BF115982-FF79-4522-AA19-1F9BE2F133D8/137905/19K302PhaseoutReplacement_BUP_vfinal5.pdf,K302
522,"The Proposed Expansion of the Co-Location of Success Academy Charter School – Bronx 1 (84X493) with M.S. 203 (07X203), The Urban Assembly Bronx Academy of Letters (07X551), and P168X (75X168) in Building X183, Beginning in 2014-2015",2017.0,http://schools.nyc.gov/NR/rdonlyres/BF115982-FF79-4522-AA19-1F9BE2F133D8/137334/EIS_84X493GradeExpansionatX183_vfinal2.pdf,http://schools.nyc.gov/NR/rdonlyres/BF115982-FF79-4522-AA19-1F9BE2F133D8/137335/BUP_84X493_X183_vFINAL2.pdf,X183
526,"The Proposed Opening and Co-location of New Visions Charter High
School for Applied Math and Science III (84KTBD) and New Visions
Charter High School for the Humanities III (84KTBD) with Sheepshead
Bay High School (22K495), P811K@K495 (75K811), a New District
High School 22K611(22K611) and a New Transfer School (22K630), in
School Building K495 Beginning in 2013-2014",2017.0,http://schools.nyc.gov/NR/rdonlyres/BF115982-FF79-4522-AA19-1F9BE2F133D8/139776/EIS_K495NewVisions_secondamendedrevised_vfinal3.pdf,http://schools.nyc.gov/NR/rdonlyres/BF115982-FF79-4522-AA19-1F9BE2F133D8/137672/BUP_NewVisionsK495_final_revised2.pdf,K495
532,"The Proposed Opening and Co-location of a New District High School 22K611 (22K611) and a New District Transfer High School (22K630) with Sheepshead Bay High School (22K495), P811K@K495 (75K811), New Visions Charter High School for Applied Math and Science III
(84KTBD), and New Visions Charter High School for the Humanities III
(84KTBD) in School Building K495, Beginning in 2013-2014",2017.0,http://schools.nyc.gov/NR/rdonlyres/BF115982-FF79-4522-AA19-1F9BE2F133D8/139773/EIS_K495Replacements_secondamendedrevised_vfinal3.pdf,,K495
538,The Proposed Phase-out of Sheepshead Bay High School (22K495) Beginning in 2013-2014,2017.0,http://schools.nyc.gov/NR/rdonlyres/BF115982-FF79-4522-AA19-1F9BE2F133D8/139771/EIS_K495POSheepsheadBay_secondamendedrevised_vfina.pdf,,K495
544,"The Proposed Phase-out of the High School of Graphic Communication Arts (02M625) Beginning in 2013-2014
",2021.0,http://schools.nyc.gov/NR/rdonlyres/BF115982-FF79-4522-AA19-1F9BE2F133D8/137734/GraphicsPOEIS_vFINAL2.pdf,,M625
551,"The Proposed Opening and Co-location of Two New District Middle
Schools, 19K661 and 19K662, with Existing Schools J.H.S. 302 Rafael
Cordero (19K302) and Achievement First Apollo Charter School
(84K774) in Building K302 Beginning in 2013-2014",2017.0,http://schools.nyc.gov/NR/rdonlyres/BF115982-FF79-4522-AA19-1F9BE2F133D8/138735/19K302PhaseoutReplacement_AmendedEIS_vfinal2.pdf,http://schools.nyc.gov/NR/rdonlyres/BF115982-FF79-4522-AA19-1F9BE2F133D8/137902/19K302PhaseoutReplacement_BUP_vfinal4.pdf,K302
555,The Proposed Phase-Out of J.H.S. 302 Rafael Cordero School (19K302) Beginning in 2013-2014,2017.0,http://schools.nyc.gov/NR/rdonlyres/BF115982-FF79-4522-AA19-1F9BE2F133D8/138734/19K302PhaseOut_AmendedEIS_vfinal2.pdf,,K302
559,"The Proposed Co-location of a New District High School, 02M135, with High School of Graphic Communication Arts (02M625), Business of Sports School (02M393), Urban Assembly Gateway School for Technology (02M507), and
Success Academy Charter School – Manhattan 2 (84MTBD) in School Building M625, Beginning in 2013-2014, and New
Public Charter School Success Academy Charter School – Manhattan Middle School (84MTBD), Beginning in 2015-2016
",2021.0,http://schools.nyc.gov/NR/rdonlyres/BF115982-FF79-4522-AA19-1F9BE2F133D8/137736/GraphicsReplacement02MTBD_vFINAL2.pdf,http://schools.nyc.gov/NR/rdonlyres/BF115982-FF79-4522-AA19-1F9BE2F133D8/139289/BUP_M625_SAManhattanMS_vAMENDED4.pdf,M625
566,"The Proposed Opening and Co-location of New High School,
02M139, with Murry Bergtraum High School for Business
Careers (02M520) in School Building M520, Beginning in
2013-2014",2017.0,http://schools.nyc.gov/NR/rdonlyres/BF115982-FF79-4522-AA19-1F9BE2F133D8/137732/BergtraumReplacementvFINAL2.pdf,,M520
568,"The Proposed Phase-out of Jonathan Levin High School for
Media and Communications (09X414) Beginning in 2013-2014",2018.0,http://schools.nyc.gov/NR/rdonlyres/BF115982-FF79-4522-AA19-1F9BE2F133D8/138635/EIS_AmendedLevinPO_vFinal2.pdf,,X410
576,"The Proposed Opening and Co-location of A New Secondary
School, 09X350, with The Urban Assembly Academy for
History and Citizenship for Young Men (09X239), Bronx
Collegiate Academy (09X227), DreamYard Preparatory
School (09X329), Bronx High School of Business (09X412),
Bronx High School for Medical Science (09X413), Jonathan
Levin High School for Media and Communications (09X414),
and Claremont International (09X564) in School Building
X410, Beginning in 2013-2014
",2018.0,http://schools.nyc.gov/NR/rdonlyres/BF115982-FF79-4522-AA19-1F9BE2F133D8/138798/EIS_Amended_X350_at_Levin_vFinal2.pdf,,X410
584,"The Proposed Opening and Co-location of New High School 07X259 with Existing Schools Samuel Gompers Career and Technical Education High School (07X655), Mott Haven Community High School (07X557) and New Visions Charter High School for the Humanities II (84X208) in Building X655, Beginning in 2013-2014",2018.0,http://schools.nyc.gov/NR/rdonlyres/BF115982-FF79-4522-AA19-1F9BE2F133D8/136059/EIS07XTBDCTEHSCoLocationX655Gompers_vFINAL2.pdf,http://schools.nyc.gov/NR/rdonlyres/BF115982-FF79-4522-AA19-1F9BE2F133D8/136060/BUP_07XTBDCTEHSColocationX655Gompers_vfinal2.pdf,X655
588,The Proposed Phase-Out of M.S. 203 (07X203) Beginning in 2013-2014,2017.0,http://schools.nyc.gov/NR/rdonlyres/BF115982-FF79-4522-AA19-1F9BE2F133D8/138677/07X203_POEISvamendvfinal2.pdf,,X183
592,The Proposed Phase-out of Bread & Roses Integrated Arts High School (05M685) Beginning in 2013-2014,2019.0,http://schools.nyc.gov/NR/rdonlyres/BF115982-FF79-4522-AA19-1F9BE2F133D8/139391/05M685_PO_Amended_vfinal4.pdf,,M136
596,The Proposed Phase-out of Choir Academy of Harlem (05M469) Beginning in 2013-2014,2017.0,http://schools.nyc.gov/NR/rdonlyres/BF115982-FF79-4522-AA19-1F9BE2F133D8/139667/ChoirHSPOEISAMENDEDFINAL2.pdf,,M501
601,"The Proposed Opening and Co-location of New Secondary School Eagle Academy for Young Men of Harlem (05M148) with KAPPA IV (05M302), Mott Hall High School (05M304) and Bread & Roses Integrated Arts High School (05M685) in School Building M136, Beginning in 2013-2014",2019.0,http://schools.nyc.gov/NR/rdonlyres/BF115982-FF79-4522-AA19-1F9BE2F133D8/139392/05M685_Replacement_revised_vfinal4.pdf,,M136
605,The Proposed Phase-out of J.H.S. 13 Jackie Robinson (04M013) Beginning in the 2013-2014 School Year,2020.0,http://schools.nyc.gov/NR/rdonlyres/BF115982-FF79-4522-AA19-1F9BE2F133D8/140219/JHS13POvFINAL4.pdf,,M013
610,The Proposed Co-location of Citizens of the World Charter School New York 2 (84KTBD) in Building K221 and Building K892 with Existing School P.S. 221 Toussaint L’Ouverture (17K221) Beginning in the 2013-2014 School Year,2017.0,http://schools.nyc.gov/NR/rdonlyres/C28CFB8A-D002-40C2-880E-BB31AC44BAD8/134888/EIS_84KTBD_COTW_K221_v13_CC_vfinal.pdf ,http://schools.nyc.gov/NR/rdonlyres/C28CFB8A-D002-40C2-880E-BB31AC44BAD8/134889/BUP_84KTBD_COTW_K221_vfinal.pdf ,K221
612,"The Proposed Co-location of a New Public Charter School, Success Academy Charter School – Brooklyn 6 (84KTBD) with Existing School P.S. 138 - Brooklyn (17K138) in Building K138 Beginning in 2013-2014",2017.0,http://schools.nyc.gov/NR/rdonlyres/8B6C9413-80AE-4624-8EE3-ECBB2B301134/133393/EIS_SA6K138_1220_vfinal.pdf ,http://schools.nyc.gov/NR/rdonlyres/8B6C9413-80AE-4624-8EE3-ECBB2B301134/133394/BUP_SCN6K138_1220_vfinal.pdf ,K138
614,The Proposed Co-location of Excellence Girls Charter School (84K712) with Existing School P.S. 191 Paul Robeson (17K191) in Building K191 Beginning in 2013-2014,2017.0,http://schools.nyc.gov/NR/rdonlyres/8B6C9413-80AE-4624-8EE3-ECBB2B301134/133050/EIS_84K712_ExcellenceGirlsvfinal.pdf ,http://schools.nyc.gov/NR/rdonlyres/8B6C9413-80AE-4624-8EE3-ECBB2B301134/133051/BUP_84K712EGK191vfinal.pdf ,K191
616,The Proposed Opening and Co-location of Citizens of the World Charter School New York 1 (84KTBD) in Building K126 with Existing Schools John Ericsson Middle School (14K126) and Believe Northside Charter High School (84K693) Beginning in the 2013-2014 School Year,2017.0,http://schools.nyc.gov/NR/rdonlyres/8B6C9413-80AE-4624-8EE3-ECBB2B301134/133047/84KTBDCOTWColocationK5atK126_EIS_vFinal1.pdf ,http://schools.nyc.gov/NR/rdonlyres/8B6C9413-80AE-4624-8EE3-ECBB2B301134/133045/84KTBDCOTWColocationatK126_BUP_vfinal.pdf ,K126
619,"The Proposed Co-location of a New Public Charter School, Success Academy Charter School – Manhattan 2 (84MTBD), with Existing Schools Business of Sports School (02M393), Urban Assembly Gateway School for Technology (02M507), and High School of Graphic Communication Arts (02M625) in Building M625 in the 2013- 2014 School Year",2017.0,http://schools.nyc.gov/NR/rdonlyres/8B6C9413-80AE-4624-8EE3-ECBB2B301134/136048/84MTBDSuccessManhattan2vFINAL.pdf ,http://schools.nyc.gov/NR/rdonlyres/8B6C9413-80AE-4624-8EE3-ECBB2B301134/136053/BUP_M625_SCN2_AMENDEDSECONDREVISEDFINAL.pdf ,M625
624,The Proposed Co-location of a New Public Charter School Success Academy Charter School Brooklyn 5 (84KTBD) with Existing Schools Dr. Susan S. McKinney Secondary School of the Arts (13K265) and a District 75 Inclusion Program P369K@265K (75K369) in Building K265 Beginning in 2013-2014,2017.0,http://schools.nyc.gov/NR/rdonlyres/8B6C9413-80AE-4624-8EE3-ECBB2B301134/133391/EIS_SA5K265_1220_vfinal.pdf ,http://schools.nyc.gov/NR/rdonlyres/8B6C9413-80AE-4624-8EE3-ECBB2B301134/133392/BUP_SCNK265_1220_vfinal.pdf ,K265
627,"The Proposed Co-location of a New Public Charter School, Success Academy Charter School – Manhattan 1 (84MTBD) with Existing Schools Gramercy Arts High School (02M374), High School for Language and Diplomacy (02M399), International High School at Union Square (02M438), Academy for Software Engineering (02M546), Union Square Academy for Health Sciences (02M533), and Washington Irving High School (02M460) in Building M460 in the 2013- 2014 School Year",2017.0,http://schools.nyc.gov/NR/rdonlyres/8B6C9413-80AE-4624-8EE3-ECBB2B301134/133400/EISSACSMan12ndAMENDED_1220_vFINAL.pdf ,http://schools.nyc.gov/NR/rdonlyres/8B6C9413-80AE-4624-8EE3-ECBB2B301134/133401/BUP_M460_SCN1_2ndAMENDED_1220_vFINAL.pdf ,M460
634,The Proposed Opening and Co-location of Achievement First Aspire Charter School (84KTBD) with Existing School P.S. 202 Ernest S. Jenkyns (19K202) in Buildings K202 and K958 Beginning in 2013-2014,2020.0,http://schools.nyc.gov/NR/rdonlyres/9AD78E9B-AA8A-4579-8DD8-4FAA4A16D0D3/130727/84KTBDAFAspireColocationK8atK202andK958EIS_FINAL2.pdf ,http://schools.nyc.gov/NR/rdonlyres/9AD78E9B-AA8A-4579-8DD8-4FAA4A16D0D3/130728/84KTBDAFAspireColocationK8atK202andK958BUP_FINAL2.pdf ,K202
636,The Proposed Grade Truncation of P.S. 202 Ernest S. Jenkyns (19K202) from K-8 to K-5 Beginning in 2013-2014,2020.0,http://schools.nyc.gov/NR/rdonlyres/9AD78E9B-AA8A-4579-8DD8-4FAA4A16D0D3/130729/19K202PS202GradeTruncationEIS_FINAL1.pdf ,,K202
638,The Proposed Temporary Re-siting and Co-Location of P.S. 96 Richard Rodgers (11X096) with New School (11XTBD) in Building X292 in 2013-2014 and 2014-2015,2017.0,http://schools.nyc.gov/NR/rdonlyres/8FFE06E0-59C2-4821-91A9-D21324C7D696/129404/11X096BarnesLydigCoLoEIS_vfinal.pdf ,,X292
640,The Proposed Re-Siting of P.S. 330 (24Q330) to New Building Q287 (Q287) in the 2013-2014 School Year,2017.0,http://schools.nyc.gov/NR/rdonlyres/E0EFAEF0-C8E5-465C-B327-5E9476B48AEF/124872/EIS_Q330resite_FINAL.pdf ,,Q287
641,The Proposed Expansion of the Co-location of KIPP AMP Charter School (84K357) with Existing Schools The School of Integrated Learning (17K354) and The Middle School for Academic and Social Excellence (17K334) in Building K390 Beginning in 2013-2014,2017.0,http://schools.nyc.gov/NR/rdonlyres/E0EFAEF0-C8E5-465C-B327-5E9476B48AEF/124892/EIS_KIPPAMP_K390_vFINAL.pdf ,http://schools.nyc.gov/NR/rdonlyres/E0EFAEF0-C8E5-465C-B327-5E9476B48AEF/124893/BUP_K390KIPPAMP_FINAL.pdf ,K390
644,The Proposed Grade Reconfiguration of Success Academy Charter School – Harlem 3 (84M385) to Serve Grades 5-8 in Building M101 Beginning in the 2013-2014 School Year,2017.0,http://schools.nyc.gov/NR/rdonlyres/E0EFAEF0-C8E5-465C-B327-5E9476B48AEF/125055/AMENDEDEIS_HSA3M101_final.pdf ,http://schools.nyc.gov/NR/rdonlyres/E0EFAEF0-C8E5-465C-B327-5E9476B48AEF/124986/BUP_M101_HSA3_FINAL1.pdf ,M101
647,"Revised: The Proposed Re-siting of a District 75 School, 75K053, to Building K422 Beginning in the 2012-2013 School Year",2018.0,http://schools.nyc.gov/NR/rdonlyres/0ECC2CA0-BC6E-4612-AFFC-FDDCF20AB12A/123935/REVISEDP053KResiteEIS_FINAL1.pdf ,,K422
650,"The Proposed Re-siting and Co-location of Harlem Success Academy Charter School 3 (84M385) with M.S. 224 Manhattan East School for Arts & Academics (04M224), Renaissance Charter High School for Innovation (84M433), Academy of Environmental Science Secondary High School (04M635), and Harlem Prep Charter School (84M708) in Building M099 Beginning in the 2013-2014 School Year",2017.0,http://schools.nyc.gov/NR/rdonlyres/811AB883-1E56-49E7-A515-C9BD36AA5C2F/121799/REVISED_EISHSA3M099_vfinal.pdf ,http://schools.nyc.gov/NR/rdonlyres/811AB883-1E56-49E7-A515-C9BD36AA5C2F/121800/REVISED_BUP_M099_HP_HSA3_vfinal1.pdf ,M099
656,"The Proposed Re-Siting of a District 75 P010X School Site (75X010) to School Building X240 and Co-Location with M.S. 327 Comprehensive School Model Project (09X327) and P.S. 555 (09X555), Beginning in 2012-2013",2018.0,http://schools.nyc.gov/NR/rdonlyres/811AB883-1E56-49E7-A515-C9BD36AA5C2F/120501/75X010inX240EIS_FINAL1.pdf,,X240
659,"The Proposed Re-siting of a District 75 School, 75K053, to Building K422 Beginning in the 2012-2013 School Year",2018.0,http://schools.nyc.gov/NR/rdonlyres/938CCA63-7D38-4CD6-9751-537F88BCC560/118344/P053KResiteEISvfinal.pdf ,,K422
662,"The Proposed Co-Location of a New High School 08X559, with Existing School Jane Addams High School for Academic Careers (08X650) and a New Public Charter High School, New Visions Charter High School for Advanced Math and Science II (84XTBD) in Building X650 Beginning in 2012- 2013",2017.0,http://schools.nyc.gov/NR/rdonlyres/938CCA63-7D38-4CD6-9751-537F88BCC560/118988/23AddamsDistrictCoLoEIS_vFINAL.pdf ,http://schools.nyc.gov/NR/rdonlyres/938CCA63-7D38-4CD6-9751-537F88BCC560/118986/Addams_BUP_amendment_vfinal.pdf ,X650
665,"The Proposed Co-Location of a New Public Charter High School, New Visions Charter High School for Advanced Math and Science II (84XTBD), with Existing School Jane Addams High School for Academic Careers (08X650) and New High School 08X559 in School Building X650, Beginning in 2012- 2013",2017.0,http://schools.nyc.gov/NR/rdonlyres/938CCA63-7D38-4CD6-9751-537F88BCC560/118985/23AddamsCharterCoLoEIS_v.pdf ,http://schools.nyc.gov/NR/rdonlyres/938CCA63-7D38-4CD6-9751-537F88BCC560/118986/Addams_BUP_amendment_vfinal.pdf ,X650
668,"The Proposed Co-Location of a New Transfer High School (07X557) with Samuel Gompers Career and Technical Education High School (07X655) and New Visions Charter High School for the Humanities II (84XTBD) in School Building X655, Beginning in 2012-2013",2017.0,http://schools.nyc.gov/NR/rdonlyres/938CCA63-7D38-4CD6-9751-537F88BCC560/118982/GompersTSEIS_vFINAL.pdf ,http://schools.nyc.gov/NR/rdonlyres/938CCA63-7D38-4CD6-9751-537F88BCC560/118976/GompersNVBUP_amended_vfinal.pdf ,X655
671,"The Proposed Co-Location of New Visions Charter High School for the Humanities II (84XTBD) with Samuel Gompers Career and Technical Education High School (07X655) and a New Transfer High School (07X557) in School Building X655, Beginning in 2012-2013",2017.0,http://schools.nyc.gov/NR/rdonlyres/938CCA63-7D38-4CD6-9751-537F88BCC560/118979/GompersNVEIS_amended_vFINAL1.pdf ,http://schools.nyc.gov/NR/rdonlyres/938CCA63-7D38-4CD6-9751-537F88BCC560/118976/GompersNVBUP_amended_vfinal.pdf ,X655
674,The Proposed Re-Siting and Grade Expansion of Teachers College Community School (05M517) to a Newly Leased Building,2019.0,http://schools.nyc.gov/NR/rdonlyres/C90EC066-D766-4959-8C14-CF540053CF25/117491/EIS_TCCS_vFINAL.pdf ,,M916
675,The Proposed Grade Expansion of P.S. 249 The Caton (17K249) to a K-5 School Beginning in 2012-2013,2017.0,http://schools.nyc.gov/NR/rdonlyres/442F7C27-FD97-4B1A-91EA-28D53BC9B394/116653/EIS_K249Expansion_FINAL1.pdf,,K249
676,"The Proposed Phase-out of Jane Addams High School for Academic
Careers (08X650) in 2012-2013",2017.0,http://schools.nyc.gov/NR/rdonlyres/442F7C27-FD97-4B1A-91EA-28D53BC9B394/118967/AMENDEDAddamsPOEIS_vFINAL1.pdf,,X650
679,"The Proposed Phase-Out of Samuel Gompers Career and
Technical Education High School (07X655), Beginning in
2012-2013",2017.0,http://schools.nyc.gov/NR/rdonlyres/442F7C27-FD97-4B1A-91EA-28D53BC9B394/118965/AMENDEDGompersPOEIS_vFINAL1.pdf,,X655
682,"The Proposed Re-siting, Grade Expansion, and Co-Location
of Academy for Young Writers (14K404) with a New
Secondary School (19K422) and a District 75 Program
(75KTBD) at Building K422 Beginning in the 2012-2013
School Year ",2018.0,http://schools.nyc.gov/NR/rdonlyres/0C81002D-BB46-4BAC-8F89-3414B5B08399/115427/14K404YWA_EIS_FINAL1.pdf,,K422
685,"The Proposed Re-Siting, Grade Expansion, and Co-Location
of M.S. 327 Comprehensive Model School Project (09X327)
with a New Elementary School (09X555) and a District 75
Program (75XTBD) in Building X240 Beginning in the 2012-
2013 School Year",2018.0,http://schools.nyc.gov/NR/rdonlyres/0C81002D-BB46-4BAC-8F89-3414B5B08399/115339/X327POST.pdf,,X240
688,The Proposed Grade Expansion of M.S. 223 The Laboratory School of Finance and Technology (07X223) to a 6-12 School in 2013-2014,2018.0,http://schools.nyc.gov/NR/rdonlyres/14856062-D633-4316-AE22-10CC326C6D5D/0/07X223ExpansionvFINAL.pdf,,X149
690,"The Proposed Co-location of a New Public Charter
School, Brooklyn Success Academy Charter School 2
(84KTBD) with Existing School P.S. 59 (14K059) in
Building K059 beginning in 2012-2013",2017.0,http://schools.nyc.gov/NR/rdonlyres/82AEAD19-9AE8-44D9-98F1-CB981F32556E/115519/AMENDEDK059_FINAL.pdf,http://schools.nyc.gov/NR/rdonlyres/E4AE7B4C-D026-443A-B7D5-EA09D4AAFAFD/0/BUP_84KTBDBSA_K059_FINAL.pdf,K059
692,The Proposed Opening of a New Zoned District Elementary School (02MTBD) and Temporary Co-Location with Existing School P.S. 51 (02M051) in Building M816,2017.0,http://schools.nyc.gov/NR/rdonlyres/67D6499A-7944-4F84-A978-E3A38761ADC1/0/EIS_OLGC_NS_v17_FINAL.pdf,,M816
694,The Proposed Grade Expansion of P.S. 236 Langston Hughes (09X236) to a K-5 School in Building X236 and X173,2017.0,http://schools.nyc.gov/NR/rdonlyres/7B7BEC83-F6DA-410F-88EC-9EE6522DFB7D/0/236_FINAL.pdf,,X173
695,"The Proposed Co-location of a New School, P.S. 401 (23K401), and the Re-siting and Co-location of Leadership Preparatory Ocean Hill Charter School (84K775) with P.S. 332 (23K332) in School Building K332",2017.0,http://schools.nyc.gov/NR/rdonlyres/DEF0F4BA-6736-4884-B0BA-E89FBD305357/0/EIS_K332Replacement_Amended_final.pdf,http://schools.nyc.gov/NR/rdonlyres/CDF11959-252C-4EA1-8F27-73F2E65A2091/97577/BUP_K332_Amendment_final.pdf,K332
698,The Proposed Phase-out of P.S. 332 Charles H. Houston (23K332),2017.0,http://schools.nyc.gov/NR/rdonlyres/B3CD02D2-E6CF-4FDB-97B6-3BFF155FE38F/0/EIS_K332_Amended_final.pdf,,K332
701,The Proposed Grade Expansion of I.S. 119 The Glendale (24Q119) to a K-8 School,2019.0,http://schools.nyc.gov/NR/rdonlyres/20AE39ED-193D-4ECC-AEF7-112F04F3F654/93215/EIS_119Q_revised.pdf,,Q119
702,Co-location of Two Grade Levels of Bronx Success Academy 1 with P.S. 30 in School Building X030,2017.0,http://schools.nyc.gov/NR/rdonlyres/0F91B3BA-50B2-4970-A9F5-E03C9D34B508/81812/X030_BSA1_AmendedEIS_Final_41211.pdf ,,X030
704,Siting of Ocean Hill Collegiate and Leadership Prep Ocean Hill with Existing Schools in School Building K271,2017.0,http://schools.nyc.gov/NR/rdonlyres/585A6F4E-316F-45AF-A1C4-0F38AC7260E8/75217/K271CollegiateLeadershipPrepEISFinal1815.pdf ,,K271
708,"Co-location of a New School, Hyde Charter School II, with P.S. 328 in School Building K328",2021.0,http://schools.nyc.gov/NR/rdonlyres/585A6F4E-316F-45AF-A1C4-0F38AC7260E8/75223/K328HydeCharterSchoolEISFinal1816.pdf ,,K328
710,Co-location of Bronx Success Academy 2 with P.S. 146 in School Building X146,2017.0,http://schools.nyc.gov/NR/rdonlyres/585A6F4E-316F-45AF-A1C4-0F38AC7260E8/75247/X146BronxSuccessEISFinal1817.pdf ,,X146
712,Co-location of Metropolitan Lighthouse Charter School with an Existing School in School Buildings X093 and X893,2021.0,http://schools.nyc.gov/NR/rdonlyres/585A6F4E-316F-45AF-A1C4-0F38AC7260E8/75244/X093andX893MetroEISFinal1817.pdf ,,X093
